ticker,quarter,date_parsed,word_count,sentence_count,avg_sentence_length,flesch_kincaid_grade,numeric_density,negative_count,uncertainty_count,litigious_count,forward_looking_count,word_count_zscore,sentence_count_zscore,avg_sentence_length_zscore,flesch_kincaid_grade_zscore,numeric_density_zscore,negative_count_zscore,uncertainty_count_zscore,litigious_count_zscore,forward_looking_count_zscore,excess_return_1d,excess_return_3d,excess_return_5d,y_1d,y_3d,y_5d,prep_pos_mean,prep_neu_mean,prep_neg_mean,prep_pos_share,prep_neg_share,prep_n_chunks,qa_pos_mean,qa_neu_mean,qa_neg_mean,qa_pos_share,qa_neg_share,qa_n_chunks,call_seconds,prep_pos_mean_zscore,prep_neu_mean_zscore,prep_neg_mean_zscore,prep_pos_share_zscore,prep_neg_share_zscore,prep_n_chunks_zscore,qa_pos_mean_zscore,qa_neu_mean_zscore,qa_neg_mean_zscore,qa_pos_share_zscore,qa_neg_share_zscore,qa_n_chunks_zscore
AAPL,2019-Q3,2019-07-30,8355,440,18.988636363636363,10.239787082498516,26.21184919210054,18,30,3,67,-0.5945752477039877,-1.6476693323244531,1.7220395013088332,1.7649000145955054,2.1250019184711024,-1.93239852732248,-2.063307982805864,-0.402182983321936,1.3478309598585034,0.0313446781624467,0.0041366896096414,-0.0134595180344728,0,0,1,0.6267275009304285,0.29308510494108,0.0801873855913678,0.5833333333333334,0.0833333333333333,12,0.2117021707817912,0.7508390868703524,0.0374587535237272,0.0833333333333333,0.0,12,12.4,0.3561969305866523,-0.5090029747876652,-0.1221549282585731,-0.1585022703722253,0.0125720904200013,1.8027756377319943,-0.1761462127019512,0.7306297029818544,-0.6492588099429243,-0.4664692704767347,-0.4988465959263239,-1.2366938848016844
AAPL,2020-Q1,2020-01-28,8267,459,18.010893246187365,10.00980806631596,24.43449860892706,27,38,3,67,-0.8360908115586906,-1.0617334467652226,0.6520874888716999,1.1836400020031412,1.5291995386550756,-1.268959250912037,-1.5064634187715105,-0.402182983321936,1.3478309598585034,0.0217582428406462,-0.0099630427253149,-0.002986724808626,0,1,0,0.7569074481725693,0.2274542504714595,0.0156383084961109,0.8888888888888888,0.0,9,0.2946380089436258,0.6147527939506939,0.0906091965734958,0.2142857142857142,0.1428571428571428,14,11.2,1.6751819804777774,-1.9765560693225177,-0.7584345660022378,1.7787477008438684,-0.6187654937148589,-0.9013878188659972,1.463405123333224,-2.116137394982882,0.6771399173950869,1.4713340881225592,1.6351082866473952,0.0
AAPL,2020-Q2,2020-04-30,8278,442,18.72850678733032,10.225605885955115,16.79149553032133,51,55,1,70,-0.8059013660768527,-1.5859918706866394,1.4373776523057482,1.7290577772548223,-1.0328832976100102,0.5002121528491431,-0.323168720198509,-1.653418931434626,1.6099092020532122,0.0103742639542214,0.0275661786033012,0.0434720340341957,0,0,0,0.4771597211559613,0.3623507128407557,0.160489555215463,0.5,0.0833333333333333,12,0.2077552269805561,0.6657725464213978,0.1264722341332923,0.0909090909090909,0.1818181818181818,11,11.0,-1.1592259102367874,1.0398258198314807,0.6694076733731712,-0.6868431716129786,0.0125720904200013,1.8027756377319943,-0.2541729997459714,-1.048863464862298,1.5721218714165688,-0.3543649439461967,2.217095981894774,-1.8550408272025265
AAPL,2020-Q3,2020-07-30,8109,468,17.326923076923077,9.551079628470053,21.211000123319767,36,66,6,56,-1.2697210284796343,-0.7841848693950608,-0.0963864671103687,0.0242277130701057,0.4486203399080348,-0.6055199745015944,0.4424925553487272,1.474670938847099,0.3868774051445705,0.096786564531335,0.1212579395899765,0.1521309722515822,0,0,0,0.6426307916641235,0.3398929689079523,0.0174762208946049,0.6,0.0,10,0.211352868626515,0.748997430006663,0.0396497119994213,0.0,0.0,12,9.7,0.5173292951804024,0.5376545183727636,-0.7403177115444645,-0.0528340901240751,-0.6187654937148589,0.0,-0.1830515364806239,0.6921043816374985,-0.594582228393267,-1.699616862312649,-0.4988465959263239,-1.2366938848016844
AAPL,2020-Q4,2020-10-29,8970,494,18.157894736842103,9.559400092994975,19.175027870680047,40,49,5,55,1.0932892042351288,0.0176221318965177,0.8129523806314756,0.0452572547857417,-0.2338770384067433,-0.3106580738747311,-0.7408021432242743,0.849052964790754,0.2995179910796675,-0.0455933098280656,-0.0606512384871264,-0.0292265598921155,1,1,1,0.5926163230429996,0.3872099701653827,0.0201736994257027,0.6363636363636364,0.0,11,0.2750311637563364,0.6982491995607104,0.0267196521828217,0.1428571428571428,0.0,14,11.2,0.0105819981730756,1.5956966874198597,-0.7137278555802135,0.1777146667809808,-0.6187654937148589,0.9013878188659972,1.075799114462522,-0.3694896232690806,-0.9172590284546116,0.4143504379774896,-0.4988465959263239,0.0
AAPL,2021-Q1,2021-01-27,9062,500,18.124,9.434865431988374,18.09755020966674,38,74,2,31,1.3457827482650455,0.2026545168099589,0.7758611025155429,-0.2694976294921477,-0.5950684435847254,-0.4580890241881628,0.9993371193830808,-1.0278009573782811,-1.797107946478004,-0.0435855855509266,-0.0606123587320416,-0.0770303801583354,1,1,1,0.6615284714433882,0.3206921141180727,0.0177794283048974,0.5555555555555556,0.0,9,0.2697218272369355,0.6867785318754613,0.0434996205731295,0.125,0.0,16,13.4,0.7088008515493484,0.108309599853602,-0.737328905044607,-0.334615904119143,-0.6187654937148589,-0.9013878188659972,0.9708393048461053,-0.6094426608415904,-0.4985056288482237,0.1501045254412231,-0.4988465959263239,1.2366938848016844
AAPL,2021-Q2,2021-04-28,8835,518,17.055984555984555,9.272368888857525,19.015280135823428,42,60,2,50,0.7227823733216642,0.7577516715502826,-0.3928766295584141,-0.6801991981582062,-0.2874275767748417,-0.1632271235612994,0.024859132322962,-1.0278009573782811,-0.1372790792448473,-0.0071215227816156,-0.009702467398292,-0.0370710334880641,1,1,1,0.5746306583285332,0.3765870660543441,0.0487822611816227,0.6,0.0,10,0.2810125425457954,0.6771601249774297,0.0418273366366823,0.2,0.0,15,14.2,-0.1716490087777102,1.3581609136273984,-0.43172467087842,-0.0528340901240751,-0.6187654937148589,0.0,1.1940444689792715,-0.8106485553126718,-0.5402384001625546,1.259937358093547,-0.4988465959263239,0.6183469424008422
AAPL,2021-Q3,2021-07-27,8962,520,17.234615384615385,9.42221228545619,17.629993305065835,39,73,3,44,1.0713332438847012,0.8194291331880963,-0.1973995035464903,-0.301477799834263,-0.7518025843321526,-0.3843735490314469,0.9297315488787868,-0.402182983321936,-0.6614355636342653,-0.0117858271972864,-0.0050615406378143,-0.0008550729510478,1,0,0,0.6291148132748074,0.3198462848862012,0.0510388971823785,0.6666666666666666,0.0,9,0.2498067764099687,0.7097882870584726,0.0404049458447843,0.125,0.0,16,13.1,0.3803852127173816,0.0893962500776119,-0.4094803321257328,0.3698386308685272,-0.6187654937148589,-0.9013878188659972,0.5771404056217707,-0.1281053227314876,-0.5757349497281753,0.1501045254412231,-0.4988465959263239,1.2366938848016844
AAPL,2021-Q4,2021-10-28,9226,541,17.053604436229204,9.183584627717584,16.583568176891394,44,62,6,54,1.7958799354488095,1.4670424803851403,-0.3954812133970848,-0.9045968045347852,-1.1025845783675798,-0.0157961732478677,0.1640702733315504,1.474670938847099,0.2121585770147645,-0.0201846468822052,-0.0245247942204094,-0.0292951228002726,1,1,1,0.5849629014730453,0.3482885010540485,0.0667485899291932,0.4,0.1,10,0.138508420670405,0.8101829560473561,0.0513086149585433,0.0625,0.0,16,11.6,-0.0669625764341584,0.7253846535483388,-0.2546251729225035,-1.320852253101882,0.1388396072469737,0.0,-1.623107061525589,1.972034480895485,-0.3036278513496664,-0.774756168435713,-0.4988465959263239,1.2366938848016844
AAPL,2022-Q1,2022-01-27,8468,513,16.50682261208577,8.930139315990548,17.83183750590458,42,66,4,42,-0.2844473077541988,0.6035580174557482,-0.9938288802491918,-1.545166659694922,-0.6841404942806419,-0.1632271235612994,0.4424925553487272,0.2234349907344089,-0.8361543917640712,0.0449419328255297,0.0463152098618922,0.0503003116444156,0,0,0,0.6803161890970336,0.2810121588408947,0.0386716477158996,0.7777777777777778,0.0,9,0.2153866829971472,0.7573761343955994,0.027237199122707,0.1333333333333333,0.0,15,12.6,0.8991582701204325,-0.7789627300378522,-0.5313880241412853,1.074293165856198,-0.6187654937148589,-0.9013878188659972,-0.1033074127426744,0.8673771403133378,-0.9043433580855283,0.2734192846248142,-0.4988465959263239,0.6183469424008422
AAPL,2022-Q2,2022-04-28,8564,507,16.891518737672584,9.347075978232231,20.551144325081736,55,73,4,46,-0.0209757835490684,0.418525632542307,-0.5728528729495546,-0.4913809119011166,0.2274238811746879,0.7950740534760065,0.9297315488787868,0.2234349907344089,-0.4867167355044593,0.0003507862232268,0.00129579922303,-0.0092575259647436,0,0,1,0.5516934295495352,0.2782966304156515,0.1700099582473437,0.5555555555555556,0.2222222222222222,9,0.2136724355320135,0.7112758899728457,0.0750516892721255,0.2,0.0,15,11.3,-0.4040493322250482,-0.8396838980916322,0.7632531451428033,-0.334615904119143,1.0648013973114356,-0.9013878188659972,-0.1371962210558003,-0.0969863985502406,0.2888937109473454,1.259937358093547,-0.4988465959263239,0.6183469424008422
AAPL,2022-Q3,2022-07-28,8247,468,17.621794871794872,9.835649514324356,16.975870013338184,70,78,5,53,-0.8909807124347594,-0.7841848693950608,0.2262940659494658,0.7434633119552573,-0.9710773957250536,1.900806180826744,1.2777594014002578,0.849052964790754,0.1247991629498615,0.0182140791711036,0.0120043692571425,0.0338183075945058,0,0,0,0.6232172321114275,0.3110894954038991,0.0656932554104262,0.8888888888888888,0.0,9,0.1215687601694038,0.7124230095318386,0.1660082060178475,0.0,0.1428571428571428,14,10.5,0.3206308377171472,-0.1064118588796057,-0.265027922202846,1.7787477008438684,-0.6187654937148589,-0.9013878188659972,-1.9579857294448044,-0.0729899904777501,2.558763934637784,-1.699616862312649,1.6351082866473952,0.0
AAPL,2022-Q4,2022-10-27,8286,509,16.278978388998034,9.327036998777404,22.93024378469708,56,65,5,36,-0.7839454057264252,0.4802030941801207,-1.2431606123415069,-0.5420283911520293,1.0249441527954564,0.8687895286327223,0.372886984844433,0.849052964790754,-1.360310876153489,0.0517616154084241,0.0284528293110101,-0.0172774733887119,0,0,1,0.5389086931943894,0.3087812656536698,0.1523100389167666,0.5,0.2,10,0.203566106609427,0.7299698041035578,0.0664640847020424,0.1538461538461538,0.0,13,13.4,-0.5335844601497131,-0.1580255357122662,0.5887797248159428,-0.6868431716129786,0.8964447082088064,0.0,-0.3369873542340112,0.2940685603125684,0.0745852852965099,0.5769633072305775,-0.4988465959263239,-0.6183469424008422
AAPL,2023-Q1,2023-02-02,8374,529,15.829867674858225,9.242299237699555,20.77860042990208,61,46,2,51,-0.5424298418717224,1.096977710558258,-1.7346260124301294,-0.7561986788971576,0.3036715780773847,1.2373669044163016,-0.9496188547371568,-1.0278009573782811,-0.0499196651799443,0.0350286635126109,0.0292095755948582,0.0235811239170901,0,0,0,0.3415925795720382,0.267290657047521,0.3911167858168483,0.3636363636363636,0.4545454545454545,11,0.1948510832511461,0.7492051262121934,0.0559437911097819,0.0769230769230769,0.0,13,10.9,-2.5327940886987985,-1.085785375899522,2.942769545368965,-1.5514010100069382,2.824894056111652,0.9013878188659972,-0.509273889311468,0.6964491448872782,-0.1879544647283456,-0.5613267775410358,-0.4988465959263239,-0.6183469424008422
ABNB,2021-Q2,2021-08-12,10453,594,17.597643097643097,8.641235024148145,9.279632641346982,23,87,0,48,-0.9671439737580202,-1.985751856818087,1.333033986567103,1.1556666615954472,-1.5159173901080287,-1.1774246154376091,-0.3067484771701002,-0.8475793795260129,0.3009646327144225,0.0088318967684072,-0.0455615688949981,-0.0444405924333165,0,1,1,0.5384553663432599,0.4452656865119934,0.0162789292633533,0.6,0.0,5,0.2285599382594227,0.7369836997240782,0.0344563778877879,0.0833333333333333,0.0,24,13.4,0.8054920964651964,-0.7742081483408307,-0.8860889662143392,0.4047974329628362,,0.8164965809277265,0.4752128705992058,-0.6366773172120894,0.2694857142401911,-0.351908181538522,,-0.9128709291752768
ABNB,2021-Q3,2021-11-04,10402,676,15.387573964497042,7.830673419107583,12.882138050374929,22,92,3,40,-1.0713136520297393,0.3348892680144529,-1.293658653795071,-1.6269173309141622,0.1922268380381282,-1.301364048641568,0.0933582321822049,0.6780635036208102,-1.1436656043148077,0.1263706827424729,0.0899433118453012,0.0804714275649989,0,0,0,0.3260511979460716,0.655886572599411,0.018062224984169,0.4,0.0,5,0.1623135850143929,0.7910774697860082,0.0466089464801674,0.0416666666666666,0.0,24,14.9,-1.2974266238290704,1.349240009821331,-0.5400210814525926,-0.6002168833586888,,0.8164965809277265,-1.6064767177902242,1.3630097498664464,1.829001766486697,-1.356904348216985,,-0.9128709291752768
ABNB,2021-Q4,2022-02-15,11284,689,16.37735849056604,8.281164025890149,11.875221552640909,34,79,0,42,0.7302090192576394,0.7027957878049776,-0.1172883352481256,-0.0804242039094846,-0.2852071720591954,0.1859091498059383,-0.9469192121337884,-0.8475793795260129,-0.7825080450575002,0.0353649938371556,-0.0021026107237159,-0.1126327031446862,0,0,1,0.3389953963458538,0.6320074632763862,0.0289971327409148,0.2,0.0,5,0.219599586725235,0.756655809879303,0.0237446018308401,0.12,0.0,25,14.8,-1.1692719019160642,1.1084944140142543,1.5820164209482326,-1.6052311996802142,,0.8164965809277265,0.1936476283882735,0.0905425495953211,-1.1051361677013103,0.5324884451385253,,-0.3042903097250922
ABNB,2022-Q1,2022-05-03,11304,686,16.47813411078717,8.176850211310288,13.446567586694975,41,77,1,54,0.7710598734818429,0.6178942832379335,0.0024846510321578,-0.4385240063705338,0.4598536547097087,1.0534851822336504,-1.1069618958747105,-0.3390317518104052,1.3844373104863452,0.0466505293277058,-0.0510681724377584,-0.1575787929541499,0,1,1,0.5168496835976839,0.4575748331844806,0.0255754757672548,0.75,0.0,4,0.1926582931644386,0.7766149822208617,0.0307267307200365,0.1111111111111111,0.0,27,14.2,0.5915838899866461,-0.6501091792604686,0.9180067575856355,1.1585581702039804,,-0.4082482904638627,-0.652941014699952,0.828374258409709,-0.2091328249689885,0.3180892629137867,,0.9128709291752768
ABNB,2022-Q2,2022-08-02,10614,673,15.771173848439824,8.330746245760917,15.639721123045035,37,109,1,43,-0.6382945972531813,0.2499877634474088,-0.837745769946972,0.0897870304587981,1.4997473201478184,0.5577274494178149,1.4537210439800423,-0.3390317518104052,-0.6019292654288464,-0.0270054487080402,-0.0066392683524596,-0.0243938236732267,1,1,1,0.4671667218208313,0.5148742636665702,0.0179590214975178,0.5,0.0,4,0.2540841946005821,0.7160759475827218,0.0298398688808083,0.16,0.0,25,13.1,0.0996950952016237,-0.0724249221045369,-0.560048837874888,-0.0977097251979262,,-0.4082482904638627,1.2772733022164118,-1.4095752222922566,-0.3229421208299906,1.497284765149849,,-0.3042903097250922
ABNB,2022-Q3,2022-11-01,11502,667,17.244377811094452,8.566879766216953,11.737089201877934,38,101,5,51,1.1754833303014585,0.0801847543133205,0.913174121390914,0.9004118491399477,-0.3507032507284287,0.6816668826217738,0.8135503090163542,1.6951587590520256,0.8427009716003839,-0.1091543033052885,-0.0975974940801036,-0.0865230217724987,1,1,1,0.5550640697280566,0.4267389252781868,0.0181970115130146,0.6666666666666666,0.0,3,0.2234068156353064,0.7478312871285847,0.0287618957393403,0.0714285714285714,0.0,28,14.4,0.96992744409167,-0.9609921741297476,-0.5138642929920463,0.7398022050700114,,-1.6329931618554518,0.3132839312862824,-0.23567401836711,-0.4612763672266015,-0.639049943446654,,1.5214515486254614
AMZN,2020-Q2,2020-07-30,6239,362,17.234806629834253,9.154537877459152,9.616925789389326,29,74,5,34,-0.1391469744114934,0.6289377015241929,-1.1464872043114398,-1.7273929000968784,-1.6326209859765384,-0.2404814448168609,1.392888681268506,0.4827976027072381,-0.6874628859001182,0.0290587029525108,0.0096611717687053,0.0247157737911635,0,0,0,0.7104348875582218,0.2571839682757854,0.0323811141774058,0.8,0.0,5,0.3030110510687033,0.6442750319838524,0.0527139066252857,0.0833333333333333,0.0,12,7.4,1.4298326822435292,-0.7990964596967308,-0.6912395057636715,1.154706585182326,-0.7071067811865475,-0.7071067811865476,0.7549851851620766,-0.3029983608050647,-0.398122969874596,-0.3819899429211152,-0.6598274531213631,-0.169781102528523
AMZN,2020-Q4,2021-02-02,6738,349,19.30659025787965,9.917817503981532,17.661027010982487,24,56,3,40,0.5490030774352409,0.1670060563369323,0.9161445079410988,0.2605935402977672,0.8218411294270547,-0.9919859598695506,-0.0906613934553466,-0.3218650684714919,0.0116519133203411,-0.0207477076143075,-0.024384342994977,-0.0449913248282941,1,1,1,0.5398125112056732,0.4394219763576984,0.0207655349746346,0.6,0.0,5,0.2059536081339631,0.7110756997551236,0.082970670956586,0.0714285714285714,0.0,14,7.9,-0.5455165199534858,1.3092913531175694,-0.8387439345036487,-0.1905826402728109,-0.7071067811865475,-0.7071067811865476,-0.6674159785940293,0.4999072045811004,0.0597693007364697,-0.515069109327773,-0.6598274531213631,0.9620929143282946
AMZN,2021-Q1,2021-04-29,5657,302,18.7317880794702,10.012013640639136,14.49531553827117,17,45,2,29,-0.941758858529328,-1.5030545070323948,0.3438814658889083,0.5059304206571544,-0.1440988387586695,-2.044092280943316,-0.997275328008812,-0.724196404060857,-1.2700585519171674,0.0054499993855659,-0.0353608767066734,-0.0451584261941844,0,1,1,0.6479279641062021,0.3340744059532881,0.017997620627284,0.75,0.0,4,0.3015183688451846,0.6835622563958168,0.0149193671531975,0.0833333333333333,0.0,12,6.8,0.7061702646154286,0.0904812053989948,-0.8738932471190481,0.8183842788185416,-0.7071067811865475,-2.121320343559643,0.7331095528802885,0.1692114565720519,-0.9700885411459208,-0.3819899429211152,-0.6598274531213631,-0.169781102528523
AMZN,2021-Q2,2021-07-29,6248,340,18.376470588235293,9.413444081336236,16.48527528809219,27,56,5,34,-0.1267354504302898,-0.1527927749465558,-0.0098664426369284,-1.0530633297050158,0.463089047440798,-0.5410832508379367,-0.0906613934553466,0.4827976027072381,-0.6874628859001182,-0.0707925512614554,-0.0660473135923891,-0.0647232975355604,1,1,1,0.6518335945904254,0.2741010129451752,0.074065401777625,0.8,0.0,5,0.3763152391960223,0.5248187979062399,0.0988659696498264,0.3333333333333333,0.0833333333333333,12,7.7,0.7513869837000684,-0.6033760872827361,-0.161897238575107,1.154706585182326,-0.7071067811865475,-0.7071067811865476,1.8292764434904365,-1.7387935161678103,0.3003216060323666,2.4126725516186966,0.4683749278633507,-0.169781102528523
AMZN,2021-Q3,2021-10-28,7088,378,18.75132275132275,9.83841379594189,12.697516930022571,33,45,3,38,1.0316734544820485,1.1974689571392831,0.3633298451048073,0.0537840180535159,-0.6926534197510691,0.3607221672252908,-0.997275328008812,-0.3218650684714919,-0.2213863530864786,-0.0235404644531382,-0.0466382953778389,-0.0099135185176578,1,1,1,0.6247118705262741,0.2656457293778658,0.1096424021137257,0.6666666666666666,0.1666666666666666,6,0.2413193751126527,0.7301198499543327,0.0285607859758394,0.1428571428571428,0.0,14,8.9,0.4373902082617176,-0.7011988028338807,0.2898895401338286,0.2578471015455678,0.7071067811865472,0.7071067811865476,-0.1491217954118171,0.7288069250951364,-0.7636454406655995,0.2834058891121729,-0.6598274531213631,0.9620929143282946
AMZN,2021-Q4,2022-02-03,6812,377,18.06896551724138,9.7466235159417,15.854374633000589,35,54,2,36,0.6510533857251374,1.16193575366334,-0.3160131379406773,-0.1852867309350328,0.2705850356378537,0.6613239732463667,-0.2555002906468858,-0.724196404060857,-0.4544246194932984,0.1306567563529839,0.1528224374601036,0.1390923545764111,0,0,0,0.4133472715814908,0.4651431857297818,0.1215095591420928,0.3333333333333333,0.1666666666666666,6,0.2671328376118953,0.7087975190236018,0.0240696322602721,0.0769230769230769,0.0,13,9.0,-2.009644587664292,1.6068707930035122,0.440588716445181,-1.984301607546326,0.7071067811865472,0.7071067811865476,0.2291809703450066,0.4725247838760024,-0.8316125421694784,-0.4536479556016231,-0.6598274531213631,0.3961559058998857
AMZN,2022-Q1,2022-04-28,5838,329,17.74468085106383,9.626380858132473,20.21240150736553,38,62,2,56,-0.6921493206851217,-0.5436580131819303,-0.6388653060920836,-0.4984626169086525,1.6003310900915304,1.1122266822779805,0.4038552981192708,-0.724196404060857,1.8759580445748991,-0.103538834206626,-0.113970602664419,-0.1622280369390582,1,1,1,0.5003662398084998,0.2230793392906586,0.2765544432525833,0.5,0.3333333333333333,6,0.2502695173025131,0.6395163495432247,0.1102141356942328,0.1818181818181818,0.0909090909090909,11,9.5,-1.0021984769146923,-1.1936671909597405,2.409479519093892,-0.863227253000379,2.121320343559643,0.7071067811865476,-0.0179552173349559,-0.3601949838772759,0.4720596498115287,0.7189377064430532,0.5709387806801433,-0.7357181109569318
AMZN,2022-Q2,2022-07-28,5956,329,18.1033434650456,10.252639510772664,17.797179314976493,35,51,4,53,-0.5294204507093409,-0.5436580131819303,-0.2817870515949567,1.1326482713786554,0.8633846981704644,0.6613239732463667,-0.5027586364341946,0.080466267117873,1.5264006449646697,0.0890358208782371,0.0922533594650494,0.1459833969286253,0,0,0,0.6247861801336209,0.2447459337611993,0.1304679017824431,0.6666666666666666,0.1666666666666666,6,0.2554130296815525,0.6420449059117924,0.1025420452722094,0.0909090909090909,0.0909090909090909,11,9.2,0.4382505140828295,-0.9429972884093096,0.5543493124993664,0.2578471015455678,0.7071067811865472,0.7071067811865476,0.0574242463364575,-0.3298031921714333,0.3559536820613834,-0.2973032006623328,0.5709387806801433,-0.7357181109569318
AMZN,2022-Q3,2022-10-27,5208,305,17.075409836065575,9.736348849892533,13.82488479262673,30,47,2,36,-1.5609559993693756,-1.3964548966045651,-1.3051798772373449,-0.2120474305208326,-0.34866449760056,-0.0901805418063229,-0.8324364308172729,-0.724196404060857,-0.4544246194932984,-0.0918332165934527,-0.1396514126130422,-0.1715988740790781,1,1,1,0.6014773699765404,0.3578624253471692,0.0406601961391667,0.6666666666666666,0.0,6,0.1778968042797512,0.5841426485114627,0.2379605279614528,0.1111111111111111,0.2222222222222222,9,7.6,0.1683970485982437,0.365694761061355,-0.586104735129966,0.2578471015455678,-0.7071067811865475,0.7071067811865476,-1.0785954744348718,-1.0257549882572328,2.405316126846575,-0.0714718879722469,2.348712229504541,-1.8675921278137493
AMZN,2022-Q4,2023-02-02,7615,372,20.47043010752688,10.479416689401912,11.03086014445174,38,81,10,43,1.7584371364925275,0.9842697362836242,2.074843200878634,1.72329675777931,-1.2011932586808625,1.1122266822779805,1.969824821438893,2.494454280654064,0.3612093129305708,-0.0736860488015048,-0.0918364342942876,-0.1066768231197628,1,1,1,0.5546215049301585,0.401278863971432,0.0440995885680119,0.5,0.0,6,0.1361170716583729,0.8264878392219543,0.0373951020961006,0.0,0.0,15,10.7,-0.37406811696935,0.8679977166009617,-0.5424284270808264,-0.863227253000379,-0.7071067811865475,0.7071067811865476,-1.6908879324385877,1.8870946711545231,-0.6299508716327282,-1.3135441077677188,-0.6598274531213631,1.5280299227567034
BA,2019-Q2,2019-07-24,12792,618,20.699029126213592,11.72978875157197,20.55972482801751,60,98,34,141,1.5485650645636422,-0.3422473893646079,2.358753918501872,2.103164564484657,-0.3432953563817743,-0.0542077085454492,0.9199678637924764,2.447216096329287,1.5129675346489582,-0.0321318870340363,-0.0587776132198302,-0.0427246961940838,1,1,1,0.617441535461694,0.281661661574617,0.100896789226681,0.75,0.0625,16,0.1582488104701042,0.7815087378025055,0.0602424509357661,0.05,0.05,20,17.5,0.2343413573975094,-0.1609056390234696,-0.1850836049170418,0.4571039434309801,-0.4759444263537331,0.901319551488772,-0.0876567303401573,-0.0018685292433917,0.1510584175453973,0.149696237713024,0.5038782739643373,0.6719368409052932
BA,2021-Q1,2021-04-28,12222,686,17.816326530612244,10.11517307533881,17.263950253640978,62,79,15,135,1.167752122652349,0.8755165774443475,0.7662004699199992,0.7379724201763996,-1.4508052388693229,0.108415417090899,-0.4132059049237391,-0.1044543455750306,1.2646385168038403,-0.0043342666907811,-0.0030633517355437,-0.0269652067668876,1,0,1,0.5801229139169057,0.2396100206921498,0.1802670760080218,0.5333333333333333,0.2666666666666666,15,0.1502597571203583,0.8238582454229656,0.0258819861827712,0.0,0.0,19,18.2,0.0572515841300805,-0.3396812499222811,1.088426895469472,-0.3538017526050624,1.6110448409104356,0.6878491313993259,-0.214000660550253,0.4532011895188739,-0.7568923790724877,-0.5613608914238398,-0.612670174024819,0.4199605255658084
BA,2021-Q2,2021-07-28,12194,761,16.02365308804205,9.386134031530425,18.12366737739872,46,112,16,128,1.1490455219970577,2.2186385996601072,-0.2241647094441755,0.1215542903690896,-1.1619064719123666,-1.1925695879998877,1.9023064302149515,0.0298440987357229,0.9749213293178698,-0.0038882362820746,-0.0240775926468619,-0.0216744159682423,1,1,1,0.7420603464047114,0.2287410213301579,0.0291986145700017,0.8666666666666667,0.0,15,0.195787382165068,0.7768360015593077,0.0273766129914867,0.1052631578947368,0.0,19,17.4,0.8257007394226352,-0.3858890068616553,-1.3354936889246132,0.8937454720657724,-1.1148186918427645,0.6878491313993259,0.5060019266728204,-0.0520797568944771,-0.7173979306890036,0.935601485706399,-0.612670174024819,0.4199605255658084
BA,2021-Q3,2021-10-27,9731,592,16.4375,9.820050314932391,24.25238927140068,42,88,16,105,-0.4964672427880563,-0.807863023732738,0.0044656486889381,0.4884398038120157,0.8975851320936515,-1.5178158392725842,0.2182974592049946,0.0298440987357229,0.0229934275782517,-0.0036472363898728,0.0251371134363248,0.0090193648381079,1,0,0,0.7120027222803661,0.1622924535934414,0.1257048261884067,0.7857142857142857,0.1428571428571428,14,0.0905300628107327,0.8416823538450094,0.0677875748907144,0.0,0.0769230769230769,13,12.1,0.683066911569439,-0.6683841257485734,0.2129658018057988,0.5907697175028552,0.3454653435607352,0.4743787113098798,-1.1586037316469948,0.6447314448290655,0.3504329415724301,-0.5613608914238398,1.105096669035421,-1.0918973664711007
BA,2021-Q4,2022-01-26,9691,619,15.65589660743134,8.817728465158773,22.598287070477763,75,85,11,91,-0.5231909580099015,-0.3243390957350645,-0.4273323384353105,-0.3590447930003995,0.3417417353974181,1.1654657337271632,0.00779633782875,-0.6416481228180448,-0.5564409473936898,-0.0183284955709136,-0.0074116491539529,0.0128946037003799,1,1,0,0.5834842075904211,0.2727734812845786,0.1437423146174599,0.5833333333333334,0.1666666666666666,12,0.1147821800162394,0.8502434333165486,0.034974404113988,0.0,0.0,15,12.3,0.0732020857801396,-0.1986922705980031,0.5023805418366959,-0.166669668904437,0.5888460161279853,0.0474378711309878,-0.7750654487593162,0.7367251478569736,-0.5166317142887997,-0.5613608914238398,-0.612670174024819,-0.587944735792131
BA,2022-Q1,2022-04-27,9867,639,15.44131455399061,8.596738699937795,21.587108543630283,72,69,16,89,-0.4056066110337828,0.0338267768558047,-0.5458785213583284,-0.5458963737778416,0.001945979902024,0.9215310452726408,-1.114876309511221,0.0298440987357229,-0.6392172866753957,-0.0268131800581071,-0.0311875967957475,-0.0120048520604298,1,1,1,0.5662864751980773,0.2698687808588147,0.1638447437435388,0.6428571428571429,0.1428571428571428,14,0.1519037158443377,0.7977552918287424,0.0503409724109447,0.0,0.0,13,12.0,-0.0084071056638408,-0.211041125058769,0.8249276260606078,0.0561066212153548,0.3454653435607352,0.4743787113098798,-0.1880020600655862,0.1727100004017481,-0.1105810969062483,-0.5613608914238398,-0.612670174024819,-1.0918973664711007
BA,2022-Q2,2022-07-27,9448,604,15.642384105960264,8.557866171603703,23.708721422523286,61,89,7,85,-0.6855375279826106,-0.5929635001782164,-0.4347973404960734,-0.5787639292538976,0.7148913519717618,0.0271038542727249,0.2884644996637427,-1.178841900061059,-0.8047699652388075,0.0066772469362813,0.0588951628295201,0.0341510679276603,0,0,0,0.0355713814496994,0.9397506713867188,0.0246779303997755,0.0,0.0,1,0.3124888153001666,0.5424586780369282,0.1450525035709142,0.2,0.12,25,12.5,-2.526833878440175,2.6368511734581346,-1.4080288780133794,-2.349877312078398,-1.1148186918427645,-2.300736749852918,2.3515920207617547,-2.570598358231242,2.3921036247286263,2.282867625123615,2.067046101149156,1.931818417602717
BA,2022-Q3,2022-10-26,8660,579,14.956822107081177,8.31765108602086,19.7459584295612,76,78,13,75,-1.2119947178529595,-1.040670840916803,-0.8135371130961053,-0.7818709302630199,-0.6167528723580172,1.2467772965453374,-0.4833729453824873,-0.3730512341965378,-1.218651661647337,0.0499620061312039,0.0542089053799633,0.1205175494721354,0,0,0,0.5738207720220089,0.2422060525044798,0.1839731571264565,0.6,0.2,10,0.1368152770612921,0.805659430367606,0.057525309002293,0.0,0.0,14,13.4,0.0273457399946797,-0.3286446491280527,1.1478916323503316,-0.1042923076708955,0.9295789577221362,-0.3795029690479042,-0.4266201507364978,0.2576444967877436,0.0792598781264644,-0.5613608914238398,-0.612670174024819,-0.8399210511316159
BA,2022-Q4,2023-01-25,9662,636,15.19182389937107,7.8402130090412925,26.392051335127302,52,66,14,91,-0.5425656515457391,-0.0198981040328256,-0.683710014280828,-1.1855550525470044,1.616595740156619,-0.7047002110908426,-1.3253774308874655,-0.2387527898857842,-0.5564409473936898,-0.0107550349666728,-0.0147520000798787,-0.0163692420847381,1,1,1,0.7017327977551354,0.238685168325901,0.0595820305041141,0.8888888888888888,0.0,9,0.1633081485827764,0.8151414626174502,0.0215503892654346,0.0,0.0,18,14.8,0.6343325658095351,-0.34361310711733,-0.8479863256678692,0.9769152870438276,-1.1148186918427645,-0.5929733891373502,-0.0076451653357672,0.3595343649747038,-0.8713517410163784,-0.5613608914238398,-0.612670174024819,0.1679842102263235
BYND,2020-Q4,2021-02-25,13121,778,16.86503856041131,9.323914310197086,24.617026141300205,78,94,4,63,1.579247093884638,2.0460443639251533,-1.4298967230424091,-1.4116427841942252,1.3448948403355931,0.1165735734348067,0.6482995193050903,-0.762706965541453,-0.74611449955767,0.0171874089508871,-0.0394637161267839,-0.0362659272024322,0,1,1,0.4600813368765207,0.248617822304368,0.291300825201548,0.6153846153846154,0.3076923076923077,13,0.196114165627438,0.776494808818983,0.0273910215043503,0.0434782608695652,0.0,23,20.2,-0.207969344339534,0.3676674950975591,0.0591072468299072,0.4397504462351332,0.1311555612538354,0.0761229399508122,0.0789364514154428,0.4264077940366005,-0.8366661966583371,0.0100463145149349,-0.3535533905932737,1.7862409035895932
BYND,2021-Q1,2021-05-06,11651,644,18.09161490683229,9.848806358561289,23.08814694017681,55,74,5,70,0.3182513154976646,0.3025153034102373,-0.1359873356305934,-0.3660032936762908,0.8379029390378677,-0.8584054043835772,-0.9981754503586312,-0.4415671905766307,-0.438890882092747,-0.0771283934290651,-0.0673679669059479,-0.1262023446934907,1,1,1,0.5158733800053596,0.2480182822507161,0.2361083295053014,0.5384615384615384,0.2307692307692307,13,0.1965444817354804,0.7601547241210938,0.0433007959080369,0.0,0.0,19,17.3,0.205228716586312,0.3568659945432296,-0.3660249728411139,0.0036343012085548,-0.411557106003414,0.0761229399508122,0.0981292805989137,0.0028974317097204,-0.1061536732160896,-1.0276489569011231,-0.3535533905932737,0.2820380374088831
BYND,2021-Q2,2021-08-05,11773,658,17.89209726443769,9.68665436387321,19.451286842775843,59,98,3,63,0.4229053869012094,0.4846750560013479,-0.3464575205497231,-0.6890269128004703,-0.3681168787347266,-0.6888438430238583,0.9775945132378346,-1.0838467405062753,-0.74611449955767,0.0152577358741851,0.0374018489921321,0.0139238131838557,0,0,0,0.6420853061911961,0.2213257822828988,0.1365889185496295,0.6666666666666666,0.1666666666666666,12,0.1883177271112799,0.7666064471006393,0.0450758111197501,0.05,0.0,20,16.6,1.139959195003708,-0.1240344080947888,-1.1325949122181185,0.7304945429195182,-0.8638176620511213,-0.5328605796556857,-0.2687979463527066,0.1701163652231401,-0.0246521504065316,0.1657006052273441,-0.3535533905932737,0.6580887539540606
BYND,2021-Q3,2021-11-10,11369,619,18.366720516962843,10.203100089904574,21.11003606297828,107,104,9,73,0.0763460029091432,-0.0227699690738888,0.154220226675841,0.3397866261558394,0.1819412424749917,1.3458948932927692,1.471537004136951,0.8429919092826585,-0.3072236174649229,-0.1331558097170711,-0.1210460567061152,-0.1580347539886094,1,1,1,0.4992619840284952,0.190769538283348,0.3099684834910127,0.6153846153846154,0.3076923076923077,13,0.1712098847094335,0.7763105630874634,0.0524795484778128,0.0,0.0,19,17.8,0.0822040660808371,-0.6745452279957509,0.202898950838682,0.4397504462351332,0.1311555612538354,0.0761229399508122,-1.031836770091162,0.4216324224301641,0.3152975385776667,-1.0276489569011231,-0.3535533905932737,0.2820380374088831
BYND,2021-Q4,2022-02-24,10941,594,18.41919191919192,10.405174822283122,21.935837674801206,72,76,10,99,-0.2908010672606693,-0.348055241558015,0.209572052196502,0.7423404862673627,0.4557854604911693,-0.1377687686047716,-0.833527953392259,1.164131684247481,0.8338926759762194,-0.1141047273529356,-0.0361674749144642,-0.0701579535164279,1,1,1,0.6068778681258361,0.1525741059333086,0.24054801966995,0.6666666666666666,0.2,15,0.2081310619910558,0.7682034571965536,0.0236654845376809,0.0666666666666666,0.0,15,17.0,0.8792115270041851,-1.3626860472600897,-0.3318272923314967,0.7304945429195182,-0.628642172906313,1.294089979163808,0.6149104363810879,0.2115084593808719,-1.0077277932368782,0.5634837926034981,-0.3535533905932737,-1.222164828771827
BYND,2022-Q1,2022-05-11,10233,549,18.639344262295083,9.835561515489944,19.64233362650249,48,71,5,71,-0.8981378095041911,-0.933568732029442,0.4418096819478585,-0.3923883970594939,-0.3047638211176042,-1.1551381367630853,-1.2451466958081894,-0.4415671905766307,-0.3950017938834723,-0.0406065897023712,0.0221978545308141,0.0118190221630754,1,0,0,0.5919745955616236,0.2452591913752257,0.1627662100363522,0.6666666666666666,0.1666666666666666,12,0.2057824901798192,0.7446740409907173,0.0495434734860763,0.1176470588235294,0.0,17,16.6,0.7688373055267339,0.307157352994556,-0.9309586228215768,0.7304945429195182,-0.8638176620511213,-0.5328605796556857,0.5101601452445588,-0.3983385375542722,0.1804848443931343,1.7802323657540933,-0.3535533905932737,-0.4700633956814719
BYND,2022-Q2,2022-08-04,9247,531,17.41431261770245,9.97663281773104,20.114631772466748,70,82,4,72,-1.74394858330661,-1.1677741282180127,-0.8504702070619279,-0.1113597073283582,-0.1481449497078406,-0.2225495492846311,-0.3395854624931426,-0.762706965541453,-0.3511127056741976,0.2205495286118661,0.187121008675225,0.153835771853482,0,0,0,0.2597466744482517,0.1842900915071368,0.5559632243588567,0.2,0.6,10,0.2305104196071624,0.676789132754008,0.0927004491910338,0.0666666666666666,0.0666666666666666,15,17.8,-1.691655716255294,-0.7912809615279585,2.097727022903128,-1.9152767369083885,2.1934636968313805,-1.7508276188686815,1.6130677907867623,-2.157813021035349,2.162078701503951,0.5634837926034981,2.4748737341529163,-1.222164828771827
BYND,2022-Q3,2022-11-09,11905,593,20.075885328836424,10.980422681122995,14.531709365812684,113,90,11,129,0.5361376608788151,-0.36106665245738,1.9572098254644523,1.8882939826356293,-1.9994988327794487,1.6002372353323475,0.3190045253723461,1.485271459212303,2.1505653222544607,0.1463995070267975,0.2586174347575659,0.1689025314264935,0,0,0,0.3293979346752166,0.3348279369374116,0.3357741320505738,0.3333333333333333,0.3333333333333333,15,0.1581446284221278,0.8111102978388468,0.0307450825865897,0.0,0.0,18,23.2,-1.1758157496069477,1.9208558022432431,0.401672579640588,-1.1593420855289869,0.3120597836729181,1.294089979163808,-1.6145693879828982,1.323589085809118,-0.6826612709569151,-1.0276489569011231,-0.3535533905932737,-0.0940126791362943
COST,2020-Q1,2019-12-12,11148,565,19.73097345132744,9.411131543779533,24.040186580552565,40,94,2,52,0.5763941973606201,-1.9323616536216388,2.6923706099945064,2.5053579250145503,-1.1576904062317546,-1.526474100760034,0.4603664389346512,-1.710731809903492,1.9956726611010576,-0.0189953496837496,-0.0137141273677251,-0.0240959610223552,1,1,1,0.3776892287035783,0.4658360580603282,0.1564747357430557,0.5,0.1666666666666666,6,0.1334051205217838,0.8305337965488434,0.0360610773414373,0.04,0.0,25,20.5,-1.329709642573588,2.505248449740072,-0.9248777710646116,-0.1009504975293312,-0.4605560983744005,-2.1267526708757005,-0.7595947924020753,1.15350976151854,-0.9964636068445858,0.4088317780503131,-0.5015702264199101,1.4642805902759295
COST,2020-Q2,2020-03-05,11490,705,16.29787234042553,8.226379377457665,23.237597911227155,58,88,7,41,1.0150386466203714,0.6589279202004827,0.1881237736857355,0.2088813127633214,-1.341654037172093,0.493859267892952,0.0541607575217235,0.6010679332093349,0.4605398448694746,0.002533292529549,0.0262774354473903,0.0659676176188008,0,0,0,0.4006530711427331,0.3170029040426015,0.2823440302163362,0.4,0.3,10,0.0920022336596792,0.799708978696303,0.1082887770608067,0.0,0.0454545454545454,22,23.1,-0.9715562079656694,0.0547279362115698,0.8152474958239079,-0.9721671200427372,0.8598095078866779,0.9114654303752994,-2.0568247987713586,0.6067824415385757,0.7679058473987546,-0.83007182981292,0.4897685740335588,0.2440467650459887
COST,2021-Q2,2021-03-04,10473,708,14.792372881355933,7.902089114906534,36.85667907953786,58,90,8,44,-0.2893514261783627,0.7144555539252425,-0.9100501908000246,-0.4197100709026179,1.7800142812947934,0.493859267892952,0.1895626513260327,1.0634278818319003,0.8792124311144518,-0.023787864449296,-0.0286088790696926,-0.0145556454832786,1,1,1,0.4187814784753654,0.2506563425478008,0.3305621839438875,0.4444444444444444,0.3333333333333333,9,0.1978231214341663,0.6289406000148683,0.173236272519543,0.0952380952380952,0.1428571428571428,21,17.2,-0.6888181876471229,-1.0376604568055194,1.4818566793832733,-0.5849597322590017,1.1899009094519473,0.1519109050625494,1.2587418519045352,-2.422067184125307,2.354435358406735,2.119698665099538,2.6140660035767085,-0.1626978433639915
COST,2021-Q3,2021-05-27,11821,727,16.25997248968363,8.383043829394719,29.100752897386005,49,101,9,42,1.4395746486817096,1.0661305675153876,0.1604780451589555,0.5125534731287655,0.0022563882346377,-0.516307416433541,0.9342730672497336,1.5257878304544656,0.6000973736178004,-0.0256082396914073,-0.0203127365542475,-0.0078427749140685,1,1,1,0.4424805657731162,0.3047578872905837,0.2527615205488271,0.3333333333333333,0.3333333333333333,9,0.1743330573663115,0.7429633314410845,0.0827036167417342,0.0416666666666666,0.0416666666666666,24,18.4,-0.3191975749272792,-0.1468848357367147,0.406273466487992,-1.552978201718342,1.1899009094519473,0.1519109050625494,0.5227541401817396,-0.399692139845435,0.1429146663936558,0.4604527617112791,0.4071570073291027,1.057535981865949
COST,2021-Q4,2021-09-23,9258,601,15.40432612312812,7.917245040709346,29.27198098941456,45,66,5,33,-1.847693548548532,-1.266030048924522,-0.4636660266953142,-0.3903324254063214,0.0415040660707026,-0.9652703872453156,-1.435260074325678,-0.3236519640357958,-0.6559203851171315,0.0314150969736606,0.009353008175898,0.0241047384422997,0,0,0,0.5638191033568647,0.272634417646461,0.1635464775479502,0.6666666666666666,0.1111111111111111,9,0.1345664668170844,0.82249476629145,0.0429387667818981,0.0,0.0,17,12.9,1.573247650695036,-0.6757940149324798,-0.8271119366956821,1.351077206659679,-1.0107084343165156,0.1519109050625494,-0.7232076373936007,1.010924735099631,-0.8284562466258745,-0.83007182981292,-0.5015702264199101,-1.7896762770039127
COST,2022-Q1,2021-12-09,11364,718,15.827298050139277,8.018866275875887,27.80711017247448,52,114,7,36,0.8534327968930946,0.8995476663411084,-0.1551326989988148,-0.1933538534299097,-0.2942631390274491,-0.17958518832471,1.814385376977744,0.6010679332093349,-0.2372477988721541,0.0563658930684509,0.0464819621498364,0.053759308926514,0,0,0,0.4912912911838955,0.3474859638760487,0.1612227401799625,0.4444444444444444,0.1111111111111111,9,0.1930114236538825,0.7568872920844866,0.0501012949515943,0.0434782608695652,0.0,23,16.8,0.4420743680367253,0.5566279592943435,-0.8592372785002063,-0.5849597322590017,-1.0107084343165156,0.1519109050625494,1.1079823465842016,-0.1527284846994138,-0.653490880611588,0.516562526560159,-0.5015702264199101,0.650791373455969
COST,2022-Q2,2022-03-03,10821,705,15.348936170212768,7.895031316879855,35.5789668237686,60,92,5,35,0.1569885397350684,0.6589279202004827,-0.5040697636872393,-0.433390626687192,1.487146222160778,0.7183407532988393,0.324964545130342,-0.3236519640357958,-0.3768053276204799,-0.0060391675165124,0.0264838623504725,0.0228594468279464,1,0,0,0.5630578368902206,0.3120479427278042,0.1248942104168236,0.7,0.1,10,0.1806628221557253,0.7724150177978334,0.0469221578290065,0.0476190476190476,0.0,21,16.9,1.5613746289913368,-0.0268549236410462,-1.3614740854537013,1.641482747497481,-1.1207389015049387,0.9114654303752994,0.7210775287279347,0.1226805024762371,-0.7311504551479312,0.6448134176433094,-0.5015702264199101,-0.1626978433639915
COST,2022-Q3,2022-05-26,9997,642,15.571651090342678,8.18469851787387,26.607982394718416,44,84,3,36,-0.899862414036964,-0.5071523880194719,-0.3416122315268855,0.1280887875975901,-0.5691186265125142,-1.0775111299482594,-0.2166430300868949,-1.2483718612809267,-0.2372477988721541,-0.0121402562181708,-0.0277645527299125,0.0113118957207786,1,1,0,0.4970726571977139,0.3149680353701115,0.1879593243822455,0.5,0.2,10,0.1506581289900673,0.7846238083309598,0.0647180548144711,0.0,0.0,18,16.1,0.5322429058178426,0.0212240609682929,-0.4896077678608072,-0.1009504975293312,-0.1304646968091302,0.9114654303752994,-0.219025716633453,0.3392228794759717,-0.2964344504293884,-0.83007182981292,-0.5015702264199101,-1.3829316685939326
COST,2022-Q4,2022-09-22,10313,669,15.415545590433483,7.654713136828239,28.41074372151653,65,68,5,28,-0.4945652036098253,-0.0074036844966342,-0.4554820802874137,-0.8992138559459125,-0.1559025769072345,1.2795444668135576,-1.299858180521369,-0.3236519640357958,-1.3537080288587602,-0.0258791998544972,0.0107596719378337,0.0137319657522874,1,0,0,0.4367450757159127,0.2641226309869025,0.2991322866744465,0.5555555555555556,0.3333333333333333,9,0.1616455048677467,0.7479494114716848,0.0904050842371015,0.0,0.0,21,15.8,-0.4086506126142334,-0.81593958903986,1.0473427766627437,0.3830587372003391,1.1899009094519473,0.1519109050625494,0.1252293525180034,-0.3112560561230114,0.3310451766337606,-0.83007182981292,-0.5015702264199101,-0.1626978433639915
COST,2023-Q1,2022-12-08,10301,654,15.750764525993883,7.592977035598729,29.9970876613921,65,75,6,30,-0.5099562369171851,-0.2850418531204329,-0.2109594368435129,-1.0188806661322949,0.2077078280901348,1.2795444668135576,-0.8259515522062866,0.1387079845867695,-1.0745929713621087,0.0107935394435303,-0.0003779364549309,-0.019689876360434,0,0,1,0.4378763160535267,0.2872776692467076,0.2748460099101066,0.5714285714285714,0.1428571428571428,7,0.1583784921941432,0.7684651640328494,0.0731563251888887,0.0,0.0,22,15.6,-0.3910073278130511,-0.4346945860586587,0.7115884212170901,0.5213470899802444,-0.6963356709210214,-1.3671981455629505,0.0228677252840768,0.0526235446842055,-0.0903054091735398,-0.83007182981292,-0.5015702264199101,0.2440467650459887
CVX,2020-Q4,2021-01-29,11453,725,15.797241379310345,8.559726052916353,13.70819872522483,82,91,10,86,1.705649033327461,1.911949268974908,-0.6203574302813453,-0.5222809163339471,-0.0100239121968252,1.876233300165,0.9927774215608204,-0.1304171741330692,-0.7967902076882185,-0.0024433405464122,0.0123001054411038,-1.3936767153693852e-05,0,0,0,0.4289507530629635,0.3280291662861903,0.2430200691645344,0.5,0.1666666666666666,6,0.1580587589683441,0.7381022601173475,0.1038389808784883,0.0,0.0769230769230769,26,16.9,-0.2552391684769539,0.347101671504059,0.0049234052672025,-0.1152787617941758,-0.2665820508731145,1.8708286933869709,-1.2801346199202712,0.4338107094608755,2.131639300022623,-1.7375959057941792,2.1630510236819065,1.2500000000000002
CVX,2021-Q1,2021-04-30,9348,615,15.2,8.26140603971903,13.906718014548566,50,54,13,82,-0.6208639847540588,0.1738135699068098,-1.1842883415426997,-1.162747393858126,0.0722135180966893,0.1849807479035914,-1.4560735516225367,0.3912515223992076,-0.9929231818883952,0.0217103312764429,0.0608600057319538,0.0558794075263788,0,0,0,0.3855381868779659,0.0659387875348329,0.5485230799143513,0.3333333333333333,0.6666666666666666,3,0.2194357372143051,0.725249329751188,0.0553149382414465,0.1363636363636363,0.0,22,12.7,-0.5407843403028425,-2.048361148440244,1.8210098385826463,-0.953669756660908,1.7327833306752434,-0.9354143466934852,-0.1578188964419999,0.1866747292856485,-0.0484191504710678,0.6883152708729336,-0.5073823388883486,-0.7500000000000001
CVX,2021-Q2,2021-07-30,9180,564,16.27659574468085,9.198222756043624,17.755991285403052,18,66,2,115,-0.806542933465553,-0.632049345115672,-0.1677385169825909,0.8485145927566046,1.6667907673450617,-1.5062718043578165,-0.6618516143738803,-1.5215336982191408,0.6251738552630637,0.0003301222835884,-0.0159030529502081,-0.0077011761712035,0,1,1,0.5821008056402206,0.2484853111207485,0.1694138627499342,0.6,0.2,5,0.1808982187261184,0.7909471293290457,0.0281546598832522,0.0952380952380952,0.0,21,12.5,0.7521018371655397,-0.3799160409035297,-0.4326344196108022,0.3877558351258633,-0.133291025436557,0.9354143466934852,-0.8625010782496834,1.4499111766547326,-1.2686594918506733,-0.0433087347885763,-0.5073823388883486,-1.2500000000000002
CVX,2021-Q3,2021-10-29,10891,587,18.55366269165247,9.4901960945598,13.497383160407676,35,87,9,143,1.08450874061401,-0.2686209716741606,1.982327575041404,1.4753553254524017,-0.09735512507542,-0.6077938859689435,0.7280367758112684,-0.3043067396438281,1.9981046746643016,-0.0013707521500401,-0.0248374092747477,-0.0180231363031751,0,1,1,0.6606211289763451,0.2582909278571605,0.0810879918280989,0.75,0.0,4,0.2457159949609866,0.7061239996781716,0.0481600127397821,0.1153846153846153,0.0,26,16.5,1.268567487302256,-0.29029432174465,-0.957694436198584,1.1423077305059224,-0.9330371780559,0.0,0.3227317485891967,-0.1810668719770679,-0.3698712586400012,0.3150981667703003,-0.5073823388883486,1.2500000000000002
CVX,2021-Q4,2022-01-28,9227,558,16.53584229390681,8.768847660718375,16.47339330226509,59,80,22,92,-0.7545970370998374,-0.7268567468830228,0.0770488467382146,-0.0733154644768415,1.1354692892548262,0.6606455282271124,0.2647406457495521,1.956257611996038,-0.5025907463879532,-0.0124985610410615,0.0019050191329344,0.0250759202124698,1,0,0,0.2893882468342781,0.3274530903436243,0.3831586597952992,0.25,0.5,4,0.2971839765933426,0.6439352702688087,0.0588807632553983,0.1818181818181818,0.0,22,13.4,-1.1732083954445454,0.3418364324347899,0.8379881682095794,-1.3728652540942738,1.0663282034924575,0.0,1.2638553863512956,-1.3768309631683049,0.1117840505028178,1.4969523297619725,-0.5073823388883486,-0.7500000000000001
CVX,2022-Q1,2022-04-29,9947,636,15.63993710691824,8.134926058661172,11.259676284306826,46,94,7,87,0.0411698859494235,0.5056394760925377,-0.7688882333174966,-1.4342886393724534,-1.0243343816884414,-0.0264258211290844,1.191332905872985,-0.652085870665346,-0.7477569641381743,0.0136396990454842,0.0282930246963708,0.0910894108214711,0,0,0,0.2736785225570202,0.3985684911410014,0.3277529506012797,0.3333333333333333,0.3333333333333333,3,0.1933037103153765,0.7605380453169346,0.0461582318724443,0.0416666666666666,0.0,24,13.6,-1.2765387514288262,0.9918194625145312,0.5086246161171887,-0.953669756660908,0.3998730763096715,-0.9354143466934852,-0.6356590494305465,0.8652056994235899,-0.4598060426916708,-0.9963452684792288,-0.5073823388883486,0.25
CVX,2022-Q2,2022-07-29,10286,630,16.326984126984126,9.070082691759342,12.638537818393932,35,58,10,111,0.4158434788851172,0.4108320743251868,-0.120160490185312,0.5734092965269786,-0.4531353325674292,-0.6077938859689435,-1.191332905872985,-0.1304171741330692,0.4290408810628869,-0.0170045892307825,-0.057381382510672,-0.0655047672963315,1,1,1,0.6515377759933472,0.2769384882412851,0.0715237213298678,0.75,0.0,4,0.313518162369728,0.6420564705133438,0.0444253725931048,0.12,0.04,25,15.7,1.2088219385772037,-0.1198586964628296,-1.0145499868321617,1.1423077305059224,-0.9330371780559,0.0,1.5625360000105195,-1.4129565007610627,-0.5376588824416029,0.397205929672881,0.8812430096481846,0.7500000000000001
CVX,2022-Q3,2022-10-28,8946,517,17.3036750483559,8.940568187091756,10.619271182651463,47,78,13,102,-1.0651671834565628,-1.3747073256265867,0.802056590529837,0.2953531993053985,-1.2896248231684622,0.0264258211290844,0.132370322874776,0.3912515223992076,-0.012258310887511,0.0123353313715942,0.0281503136544195,0.0516824417771142,0,0,0,0.4702307979265849,0.4167146806915601,0.113054475436608,0.6666666666666666,0.0,3,0.2164174850014123,0.7173742096532475,0.0662083076736466,0.0909090909090909,0.0,22,13.1,0.0162793926081682,1.1576726410978753,-0.7676671855350693,0.7231122330725561,-0.9330371780559,-0.9354143466934852,-0.2130094909085103,0.0352520210815801,0.4409914755695755,-0.1203217880161034,-0.5073823388883486,-0.7500000000000001
ETSY,2020-Q2,2020-08-05,10232,491,20.83910386965377,10.209126467931164,19.155590304925724,28,95,7,58,0.5319430037014758,-1.3557634104067948,1.622659548528209,1.3838849633198516,-1.519126071736429,0.4340185399533711,1.6605351695102184,0.2738612787525829,-0.6620516813167399,-0.0425464572237291,-0.016321772877076,-0.1154441119387441,1,1,1,0.5772832980645555,0.3883814652051244,0.0343352345350597,0.5714285714285714,0.0,14,0.2075236476957798,0.7678353382008416,0.0246410251462033,0.1428571428571428,0.0,14,15.2,-0.7964600554695129,1.1571782586437218,-0.1020568123806191,-1.001277955793012,-0.4472135954999579,-0.730296743340222,-0.136922685809574,0.182072596532979,-0.3512457674372659,0.5442764837912281,,0.6708203932499365
ETSY,2020-Q4,2021-02-25,10416,569,18.305799648506152,9.545539847218937,25.537634408602152,26,80,9,53,1.0638860074029517,0.9233216329494562,-0.3480260516275117,-1.4169545753728472,0.8702730262145353,-0.048224282217041,0.2290393337255478,1.18673220792786,-1.1959643275399168,0.1199922260157222,0.195740079573359,0.0173572568112039,0,0,0,0.7075307913124561,0.2759363327175378,0.016532872741421,0.8,0.0,15,0.195759973355702,0.7846316950661796,0.0196083356360239,0.0,0.0,14,15.3,0.7598085546772859,-0.7054439348176078,-0.6697272824832727,0.7151985398521523,-0.4472135954999579,1.0954451150103317,-0.3198358783675245,0.3944426594202337,-0.667233891325787,-0.8997223507569283,,0.6708203932499365
ETSY,2021-Q1,2021-05-05,10096,532,18.97744360902256,9.922688868886777,23.177496038034867,21,71,6,64,0.1387677400960371,-0.1577828106938936,0.1744532741368576,0.1749007437304731,-0.0133486476664641,-1.2538313376430714,-0.6298581677452545,-0.1825741858350555,-0.0213565058489273,-0.1536756406579074,-0.0997574610667657,-0.1118254562980684,1,1,1,0.5371044028018203,0.3704793171158859,0.0924162853376141,0.5714285714285714,0.0714285714285714,14,0.1908200396490948,0.7882054043667657,0.0209745535227869,0.0714285714285714,0.0,14,14.5,-1.276539571232313,0.8606341788425964,1.749995055530729,-1.001277955793012,1.7888543819998317,-0.730296743340222,-0.3966468320864435,0.4396279859163889,-0.5814529930629433,-0.1777229334828501,,0.6708203932499365
ETSY,2021-Q2,2021-08-04,9496,522,18.191570881226053,9.896435487570486,25.69502948609941,32,71,3,69,-1.5958290111044275,-0.449973200867772,-0.4368858833537046,0.0640915349249627,0.92920080077774,1.3985041842941954,-0.6298581677452545,-1.5518805795979709,0.5125561403742497,-0.1037599949451211,-0.1011887090575001,-0.0512118657264671,1,1,1,0.7311197879413763,0.2469246291865905,0.0219556054100394,0.8666666666666667,0.0,15,0.1604442882041136,0.8117453952630361,0.0278103400487452,0.0,0.0,12,15.0,1.0416628467101876,-1.186014695609129,-0.4968106077791557,1.2158375177486582,-0.4472135954999579,1.0954451150103317,-0.8689589271449625,0.7372633235724375,-0.1522535848198949,-0.8997223507569283,,-1.5652475842498532
ETSY,2021-Q3,2021-11-03,10000,573,17.452006980802793,9.832462593350524,22.5,24,71,7,77,-0.1387677400960371,1.0401977890190075,-1.0122008876838504,-0.2059226666024327,-0.2669991075893808,-0.5304671043874531,-0.6298581677452545,0.2738612787525829,1.3668163743313329,0.1273713935629999,0.0795810667861891,0.039759473860697,0,0,0,0.6666655521839857,0.3108955780044198,0.0224388768630368,0.7142857142857143,0.0,14,0.3270997513945286,0.6147582129790232,0.058142031614597,0.2307692307692307,0.0,13,13.5,0.2715282253143537,-0.1263538070595808,-0.4814003528876808,0.0715198539852157,-0.4472135954999579,-0.730296743340222,1.722364323408503,-1.7534065654420408,1.7521862366458911,1.4328911512054785,,-0.4472135954999583
FDX,2019-Q4,2019-06-25,9966,448,22.245535714285715,12.118024581038323,12.743327312863736,86,79,32,122,0.2545999054397121,-1.653431889566788,1.837070836080801,1.5479089051184367,-1.283512314408486,1.106443529620988,0.5589174880355088,2.932852880091356,0.4082159974492215,0.0262573098343381,0.0449308758425264,0.0049255243205168,0,0,0,0.4506679612856645,0.3312467346684291,0.2180853071264349,0.4615384615384615,0.2307692307692307,13,0.1717765254278977,0.7756513054172198,0.0525721588482459,0.0666666666666666,0.0,15,13.8,-1.2277546810579156,1.891387707953782,0.2067254701820907,-1.2874507747455357,0.1920439541608696,1.7195706082982096,-1.4982677903334003,2.111030216057296,-0.5079431016349742,-0.9900460992403156,-0.8958570655195716,-0.9667800487686624
FDX,2020-Q1,2019-09-17,9579,493,19.43002028397565,10.963832069070907,14.615304311514771,77,70,15,115,-0.5283414908116248,-0.6178241214762403,0.2231020846059843,0.1592763638932495,-0.5288013971109039,0.6585061837190656,-0.5494443102721964,0.7650920556760059,0.0577664147333806,-0.129795934553271,-0.1372928003900769,-0.1611568489894097,1,1,1,0.5198790041419367,0.2550513207291563,0.2250696669022242,0.6666666666666666,0.25,12,0.1978096254169941,0.6683667429855892,0.1338236413097807,0.1428571428571428,0.0714285714285714,14,12.2,-0.6258828099637863,0.6963977536423385,0.2768702532842077,0.1417429531246543,0.3362786466241286,0.9984603532054122,-1.0048657837117023,-0.0439681451170829,1.0767643001389235,0.3480545950148591,0.5924677717653395,-1.5380591684955989
FDX,2020-Q2,2019-12-17,9707,477,20.350104821802937,11.45769779311081,15.864839806325332,72,69,13,105,-0.2693841297775909,-0.986040216797324,0.7505322228968064,0.7534562847355262,-0.0250355494728562,0.409652102662442,-0.6725956211952747,0.5100613704506706,-0.442875846289249,-0.1003508654551546,-0.1011332174489195,-0.0864094238370801,1,1,1,0.653335231271657,0.1337646306915716,0.212900144894692,0.8181818181818182,0.0909090909090909,11,0.2117976387341817,0.6125066270430882,0.1756957440947492,0.0666666666666666,0.1333333333333333,15,12.7,0.5346769189010517,-1.2057689082792422,0.1546502490063901,1.1973974112105903,-0.8569356273901011,0.2773500981126147,-0.7397527605895201,-1.1660164210543973,1.8934267067921204,-0.9900460992403156,1.882349297412263,-0.9667800487686624
FDX,2020-Q3,2020-03-17,9652,512,18.8515625,10.50601084785377,11.500207210940737,81,90,8,80,-0.3806548708469024,-0.1805675082824536,-0.108493607370482,-0.3915376807775935,-1.7846917162437896,0.8575894485643644,1.9135819081893708,-0.1275153426126676,-1.6944814988458234,0.1003379838336375,0.259159653825685,0.2966277948612323,0,0,0,0.5687232285060666,0.2852674712511626,0.1460092899982225,0.6363636363636364,0.1818181818181818,11,0.1786669448483735,0.6728784078732133,0.1484546380816027,0.0625,0.125,16,12.7,-0.2011245127765883,1.1702844938671215,-0.5171428227784578,-0.0693879384925326,-0.1750988993819699,0.2773500981126147,-1.3676745544163635,0.0466565469973477,1.3621233874714251,-1.0632234809573944,1.708711399729024,-0.3955009290417259
FDX,2020-Q4,2020-06-30,9726,504,19.297619047619047,11.177484367924198,13.674686407567345,55,79,5,79,-0.2309451464991015,-0.3646755559429954,0.1472042735566348,0.4163258002905837,-0.9080232580772774,-0.4364517729300781,0.5589174880355088,-0.5100613704506706,-1.7445457249480862,0.1102383959669502,0.0862811837894175,0.1054338357242548,0,0,0,0.5730202465572141,0.2111652109094641,0.2158145295794714,0.6363636363636364,0.1818181818181818,11,0.2881360736209899,0.683453157544136,0.0284107602783478,0.125,0.0,16,13.2,-0.1637568588901971,0.0081219420542805,0.183919772363222,-0.0693879384925326,-0.1750988993819699,0.2773500981126147,0.707079809150031,0.2590689173716067,-0.9791806223664026,0.0344372447988036,-0.8958570655195716,-0.3955009290417259
FDX,2021-Q3,2021-03-18,9735,524,18.57824427480916,10.559177922385633,19.82537236774525,23,80,7,114,-0.212737207051396,0.095594563208359,-0.2651708075440896,-0.327571289511684,1.5717026393884996,-2.029117891692469,0.6820687989585872,-0.2550306852253353,0.0077021886311177,0.0628344495438092,0.014322218665112,0.0417780645110504,0,0,0,0.6980723085051234,0.2087436218492009,0.0931840710003267,0.7272727272727273,0.0909090909090909,11,0.2911724271252751,0.6857324484735727,0.0230951210833154,0.1875,0.0,16,13.1,0.9237187144091048,-0.0298563882792398,-1.0476729855821738,0.5640047363590289,-0.8569356273901011,0.2773500981126147,0.7646274278529361,0.3048524682035903,-1.0828554418568055,1.1320979705550016,-0.8958570655195716,-0.3955009290417259
FDX,2021-Q4,2021-06-24,10971,545,20.1302752293578,11.614808033885794,19.414820891441074,44,68,10,139,2.2878198104334944,0.5788781883172812,0.6245168975903407,0.942478818357738,1.4061836818891928,-0.98393075125465,-0.7957469321183531,0.1275153426126676,1.259307841187692,-0.0398298579500868,-0.022786151245813,-0.0251478069024316,1,1,1,0.7505383541186651,0.1653820156740645,0.0840796357564007,0.8333333333333334,0.0833333333333333,12,0.3397582858386967,0.6096394033067756,0.0506023157181011,0.2222222222222222,0.0555555555555555,18,14.3,1.379973030760164,-0.7099062902772079,-1.13910994701509,1.302962857019184,-0.9137553547241122,0.9984603532054122,1.6854689792886484,-1.2236096321635137,-0.5463624005093268,1.7419094848640004,0.2617289190353585,0.7470573104121471
FDX,2022-Q1,2021-09-21,10318,476,21.676470588235293,11.940314656128326,16.86373328164373,63,77,5,119,0.9667326482833054,-1.0090537227548917,1.5108594002946671,1.3341024715555807,0.3776808362430836,-0.0382852432394804,0.3126148661893521,-0.5100613704506706,0.2580233191424326,-0.1009597767424172,-0.1245916433315483,-0.1179129663951474,1,1,1,0.6694366544485092,0.1522788140922784,0.1782845184206962,0.7,0.2,10,0.2497278890131335,0.6863074883034355,0.0639646260165854,0.1052631578947368,0.0,19,13.8,0.6746978360089659,-0.9154067718682874,-0.1929987394347773,0.3739869339035601,-0.0387315537803434,-0.4437601569801827,-0.0208655897517594,0.316403150453461,-0.2857474382551642,-0.3121924580715755,-0.8958570655195716,1.3183364301390836
FDX,2022-Q2,2021-12-16,9525,515,18.49514563106796,10.855082572784571,15.433070866141732,53,63,7,99,-0.6375891274978579,-0.1115269904097504,-0.3128063533643691,0.0284376278771584,-0.1991085926466704,-0.5359934053527275,-1.4115034867337448,-0.2550306852253353,-0.7432612029028268,0.0601145405324414,0.0600854692003083,0.0517039013718982,0,0,0,0.6217405030673201,0.2850059805945916,0.0932535150257701,0.6363636363636364,0.0909090909090909,11,0.2413830171572044,0.7327763708308339,0.025840608344879,0.0625,0.0,16,12.9,0.2599233911938551,1.1661834766064545,-1.0469755507049858,-0.0693879384925326,-0.8569356273901011,0.2773500981126147,-0.1790248762155637,1.2498120531179515,-1.0293081852029289,-1.0632234809573944,-0.8958570655195716,-0.3955009290417259
FDX,2022-Q3,2022-03-17,9169,524,17.498091603053435,10.394292109266663,15.48696695386629,43,65,4,108,-1.357814287873765,0.095594563208359,-0.884358555644548,-0.5259487727385352,-0.1773797114506608,-1.0337015674659746,-1.1652008648875882,-0.6375767130633383,-0.2926831679824601,-0.0507370025568786,-0.0286679177002307,-0.0370748456865546,1,1,1,0.6929274704307318,0.1650227230042219,0.1420498062856495,0.8,0.1,10,0.3173045356525108,0.6216623475775123,0.0610331032075919,0.125,0.0625,16,12.4,0.8789782627337729,-0.715541158688866,-0.5569084040386828,1.0707188762402782,-0.7887519545892878,-0.4437601569801827,1.2599059306049871,-0.982107736525548,-0.3429230829713117,0.0344372447988036,0.4064271671047261,-0.3955009290417259
FDX,2022-Q4,2022-06-23,10542,605,17.42479338842975,10.10921425544444,17.45399354961108,68,86,5,145,1.4199080300928648,1.9596885457713449,-0.926376094127188,-0.8689317504442133,0.6156516385568789,0.2105688378171431,1.4209766644970572,-0.5100613704506706,1.5596931978012698,0.0398427763642856,0.0509079714627897,0.0009531611197366,0,0,0,0.679608972536193,0.1389310910469955,0.181459946040478,0.6666666666666666,0.2222222222222222,9,0.2591881103813648,0.7022932693362236,0.0385186214465647,0.1,0.0,20,13.9,0.7631581722231323,-1.1247421390172443,-0.161107529818375,0.1417429531246543,0.1279396463994218,-1.1648704120729805,0.1584327730296913,0.6375055639503188,-0.7820395743004875,-0.4046270455036755,-0.8958570655195716,1.88961554986602
FDX,2023-Q1,2022-09-22,9442,578,16.335640138408305,9.314025048910343,18.428299089176026,97,70,4,131,-0.8055067912933643,1.338323884917016,-1.5507233422998858,-1.825640096040768,1.0084550907483594,1.6539225079455595,-0.5494443102721964,-0.6375767130633383,0.8587940323695882,-0.0169580456869589,-0.0330880066495545,0.0161135326114288,1,1,0,0.4126717611216008,0.2384224808774888,0.3489057258702814,0.375,0.5,8,0.2251566880279117,0.6538040820095274,0.1210392314112848,0.1111111111111111,0.0555555555555555,18,12.7,-1.5581765782499994,0.43560388761736,1.5205710040167504,-1.890391878690772,2.211329648646489,-1.8859806671657773,-0.4865604119700599,-0.3364846994699078,0.8274205542811296,-0.209487360924796,0.2617289190353585,0.7470573104121471
FDX,2023-Q2,2022-12-20,9590,557,17.217235188509875,9.7988339011374,15.745568300312824,67,72,2,124,-0.5060873425977626,0.8550402598080938,-1.045356954674684,-1.2423566823154792,-0.0731213474153683,0.1607980216058184,-0.3031416884260397,-0.8926073982886735,0.5083444496537475,0.0193644387419436,0.0642315263550293,0.0631319092055667,0,0,0,0.4034430788209041,0.1681332788947555,0.4284236447678672,0.4444444444444444,0.4444444444444444,9,0.2888967519005139,0.6121518727805879,0.0989513774402439,0.2222222222222222,0.0555555555555555,18,13.2,-1.6384308852915563,-0.6667576053312532,2.3191792305198784,-1.4065502520680513,1.7946516481970758,-1.1648704120729805,0.7214968470620686,-1.1731422818211314,0.3966248984138028,1.7419094848640004,0.2617289190353585,0.7470573104121471
GOOGL,2020-Q3,2020-10-29,7091,382,18.56282722513089,10.26864850474754,13.538287970667042,18,51,10,28,-0.8974783665015524,-1.1794631494912962,1.4452958262245497,0.6913592958405789,-1.0008582773477237,-1.8973665961010275,1.1168342430935865,2.146879341996403,-0.7637626158259733,0.0484686108093581,0.0386899343164798,0.0706738621310957,0,0,0,0.6330775786191225,0.2232745210640132,0.1436479114927351,0.75,0.125,8,0.2449452274789413,0.7412990729014078,0.0137557021807879,0.0833333333333333,0.0,12,10.0,0.6262095279669475,-1.411507079461544,0.7074313550449312,0.8862825164677037,0.369935275914335,-0.9995411791453812,-0.6217876425523606,0.8377715422053319,-0.7005419331545419,-0.0158586519065657,-0.3162277660168379,0.0835269069584553
GOOGL,2020-Q4,2021-02-02,8002,423,18.91725768321513,10.77687259243259,17.995501124718817,33,41,1,40,0.0530015124602174,-0.5381105085212278,1.899883801362591,1.839154062846664,0.7988610460795925,0.6437493808199917,0.073063922445375,-0.8257228238447705,0.5455447255899809,0.0720388145561849,0.0722862696253819,0.0586258013778225,0,0,0,0.6912194625897841,0.2690539050169966,0.0397266453047367,0.7272727272727273,0.0,11,0.2740819698030298,0.7116172340783206,0.0143007949333299,0.0909090909090909,0.0,11,10.6,1.1530238069231544,-0.9204668379744986,-0.469176197754118,0.7528062338671461,-0.6559356572934848,0.3634695196892299,0.3458654647529391,0.103183775834647,-0.6753009906825633,0.0754791533780848,-0.3162277660168379,-0.751742162626101
GOOGL,2021-Q1,2021-04-27,7644,457,16.72647702407002,9.71064376833186,16.483516483516485,28,35,3,31,-0.3205130832239907,-0.0062570989362929,-0.9099834690615864,-0.5688621929516491,0.1883567059352294,-0.2032892781536814,-0.5531982699435517,-0.1651445647689541,-0.4364357804719846,0.0299950473570494,0.0278165192239437,0.0114689524927761,0,0,0,0.6582729369401932,0.3238849472254514,0.017842106334865,0.8,0.0,10,0.2396739335222677,0.7461304447867654,0.0141956138170578,0.0909090909090909,0.0,11,10.2,0.8545006258896742,-0.3323364202590069,-0.716955259595937,1.1799303381889312,-0.6559356572934848,-0.090867379922307,-0.7968512759523726,0.9573418526205468,-0.6801714838098005,0.0754791533780848,-0.3162277660168379,-0.751742162626101
GOOGL,2021-Q2,2021-07-27,8205,464,17.683189655172413,9.985320566868854,15.965874466788543,28,39,3,33,0.2647988949291958,0.1032421324488406,0.3170839226986724,0.0514795020176041,-0.0206551379960607,-0.2032892781536814,-0.1356901416842671,-0.1651445647689541,-0.2182178902359923,0.032206972504251,0.0225682365333373,0.0234048454776613,0,0,0,0.610246804356575,0.3708216451108456,0.0189315672032535,0.7,0.0,10,0.2575879552616523,0.7273730635643005,0.015038994857325,0.0,0.0,13,11.1,0.4193435466856214,0.1711174376592018,-0.7046202685662283,0.5926346947464762,-0.6559356572934848,-0.090867379922307,-0.2019131525466198,0.4931205199295186,-0.6411180709363619,-1.0205745100377186,-0.3162277660168379,0.9187959765430116
GOOGL,2021-Q3,2021-10-26,8694,510,17.04705882352941,9.60488301387971,14.95284103979756,29,38,4,30,0.7749906192017594,0.8228085101225759,-0.4988093508154738,-0.8077167523011048,-0.4296945468868228,-0.0338815463589468,-0.2400671737490883,0.1651445647689541,-0.5455447255899809,0.0540250719881389,0.0555050331648902,0.0309322743841546,0,0,0,0.6372708136385138,0.3436419486322186,0.0190872344273057,0.7272727272727273,0.0,11,0.2789435294958261,0.7050521087187988,0.0160043620002957,0.1538461538461538,0.0,13,11.6,0.66420375746851,-0.1204182618188996,-0.7028577878126572,0.7528062338671461,-0.6559356572934848,0.3634695196892299,0.5073215153559381,-0.0592947283624539,-0.5964159970114581,0.8342855357428715,-0.3162277660168379,0.9187959765430116
GOOGL,2021-Q4,2022-02-01,9184,548,16.759124087591243,9.624472193027284,20.034843205574912,29,41,7,41,1.2862256803337762,1.417232909070444,-0.8681107626905458,-0.7634757218966924,1.6223000926638456,-0.0338815463589468,0.073063922445375,1.1560119533826787,0.6546536707079771,0.0655237367666766,0.0504237946109627,0.0171880254916625,0,0,0,0.5867466181516647,0.4002246288582682,0.0130287464708089,0.5,0.0,12,0.2647570637719972,0.7193858378699848,0.0158570931692208,0.0714285714285714,0.0,14,13.1,0.206412131234353,0.4865006296786118,-0.7714526284034222,-0.5819565921384322,-0.6559356572934848,0.8178064193007669,0.0361783282881767,0.2954468408405328,-0.603235394399778,-0.1593894887824447,-0.3162277660168379,1.7540650461275682
GOOGL,2022-Q1,2022-04-26,5766,335,17.211940298507464,9.591514889780036,12.140131807145336,22,30,4,17,-2.279899705276904,-1.9146722745057647,-0.2873344785565224,-0.8379078889632515,-1.5654013175143389,-1.219735668922089,-1.0750834302676573,0.1651445647689541,-1.963961012123931,-0.0395207768080784,-0.0284149566272735,-0.0117645205967109,1,1,1,0.414067217707634,0.5749660730361938,0.0109667075797915,0.4,0.0,5,0.323322481052442,0.6349789730527184,0.0416985320943323,0.2727272727272727,0.0,11,8.1,-1.3582082013543826,2.360817702950013,-0.7947992505370222,-1.1692522355808863,-0.6559356572934848,-2.362551877979992,1.981179844988337,-1.793515728561992,0.5933724677670014,2.267586480209692,-0.3162277660168379,-0.751742162626101
GOOGL,2022-Q2,2022-07-26,8219,484,16.981404958677686,9.68740626726899,14.35697773451758,32,58,1,41,0.2794056109615391,0.4160970792635081,-0.5830161586735018,-0.6213427478182034,-0.6702903334398645,0.474341649025257,1.847473467547334,-0.8257228238447705,0.6546536707079771,0.0505903945043995,0.0536191451072894,0.0523418133040186,0,0,0,0.5771861699494448,0.3188272501257332,0.1039865845814347,0.6363636363636364,0.0909090909090909,11,0.2092393698791662,0.7582290718952814,0.0325315395214905,0.0,0.0,12,11.2,0.1197864445143955,-0.3865864470344787,0.2583816223997611,0.2189011034649146,0.090152294130384,0.3634695196892299,-1.8076060045062408,1.2567674885041196,0.1688877702671449,-1.0205745100377186,-0.3162277660168379,0.0835269069584553
GOOGL,2022-Q3,2022-10-25,8603,514,16.737354085603112,9.748037879913197,15.575961873764966,35,45,0,39,0.6800469649915277,0.8853794994855094,-0.8960326889720146,-0.4844097503580654,-0.1780928022626398,0.9825648444094608,0.4905720507046596,-1.1560119533826787,0.4364357804719846,-0.0838709571657082,-0.0890398157680354,-0.1330532894559543,1,1,1,0.3649589186534285,0.3743070190151532,0.2607340638836224,0.3333333333333333,0.3333333333333333,12,0.2818511519581079,0.6719127843777338,0.0462360638193786,0.0833333333333333,0.0,12,11.5,-1.8031706172620188,0.2085023628342883,2.033093140016605,-1.560782664542523,2.079720164594035,0.8178064193007669,0.603885842252962,-0.8794508646393404,0.8034863918699395,-0.0158586519065657,-0.3162277660168379,0.0835269069584553
GOOGL,2022-Q4,2023-02-02,8104,457,17.73304157549234,10.6274634743207,19.12635735439289,38,25,2,50,0.1594218721244331,-0.0062570989362929,0.3810233584838226,1.5017221935841116,1.2554745707687809,1.4907880397936646,-1.596968590591763,-0.4954336943068622,1.6366341767699426,-0.0168447749989213,0.0028868157221762,-0.0949050914702239,1,0,1,0.4666128101137777,0.3496827635293205,0.1837044111452996,0.4166666666666667,0.25,12,0.2622743964195251,0.6585011929273605,0.0792244079522788,0.0,0.1,10,10.9,-0.8821010220662538,-0.0556230865736866,1.1609552752080872,-1.0713696283404774,1.3958062091221548,0.8178064193007669,-0.0462729200807572,-1.2113706983708936,2.331037240090416,-1.0205745100377186,2.846049894151542,-1.5870112322106575
JNJ,2019-Q2,2019-07-16,11922,677,17.610044313146233,10.581823553108638,30.951182687468545,95,78,24,98,0.8386093153929179,0.5031983306683063,1.2472258629254789,0.3274935582098515,-0.8634998936971419,0.9032124291930954,-0.8755523704376043,1.3998453479740494,0.0724252988536001,0.0019747539118926,-0.0078222934736702,-0.0284569447793238,0,1,1,0.6001069554342673,0.1770446903717059,0.2228483407973097,0.6923076923076923,0.1538461538461538,13,0.4487387500703335,0.5287036951631308,0.0225575549993664,0.4,0.0,20,16.3,0.1962493460973459,-1.4027822983522689,0.581146830604968,0.379975384174804,-0.2160975530919117,-0.4467074113020929,0.5710269226714617,-0.3971072526817382,-0.5494377734608664,0.455401170352831,-0.474033454821435,2.0446626032894337
JNJ,2020-Q4,2021-01-26,12655,732,17.288251366120218,10.498313052127171,40.77439747135519,113,107,11,126,1.3223208578724657,1.2020849010409536,0.8122930617097983,0.0320705692197296,0.8928743576593033,1.9589152685097,0.8059720496081264,-0.0917931375720689,1.339868028791607,0.0091895273450352,-0.0073647051773187,-0.0483047223233372,0,1,1,0.4243088358719098,0.2633592718722005,0.3123318867659883,0.3684210526315789,0.3684210526315789,19,0.4167308276519179,0.5345207061618567,0.0487484541954472,0.375,0.0,16,18.0,-1.6154658833275644,0.4269478690195861,1.6845172127411996,-1.8163442762146715,1.8618402367757665,1.4677529228497337,0.0304647572664866,-0.2874785521688964,0.5800175585311034,0.2567689043458397,-0.474033454821435,0.3407771005482392
JNJ,2021-Q1,2021-04-20,11420,684,16.695906432748536,10.21792859756088,35.551663747810856,86,113,11,83,0.5073361989880981,0.592147530533916,0.0116843363220635,-0.9598048555573732,-0.0409416318649357,0.375361009534793,1.153873653755519,-0.0917931375720689,-0.6065618778989035,-0.0088011866798459,-0.0168538307783762,-0.0328020857918875,1,1,1,0.6577606879706893,0.240167950812195,0.1020713443202631,0.5714285714285714,0.1428571428571428,14,0.4337126972044215,0.550711037043263,0.0155762652592623,0.4117647058823529,0.0,17,15.4,0.7904089737967535,-0.0646708010478243,-0.9080851763920508,-0.4397224890776967,-0.3225148523034641,-0.1276306889434552,0.3172611340486502,0.0176480731357952,-0.8504986443423568,0.5488751778855324,-0.474033454821435,0.7667484762335379
JNJ,2021-Q2,2021-07-21,12070,749,16.114819759679573,10.323550299892016,37.44821872410936,59,95,5,98,0.9362754931377651,1.4181043864288627,-0.7737078135144349,-0.5861622760234014,0.2981592022241932,-1.2081932494401135,0.1101688413133413,-0.7802416693625851,0.0724252988536001,0.000796888387579,-0.000846623212584,0.0060218797427529,0,0,0,0.7410409008397868,0.2290086829544682,0.0299504037309241,0.8421052631578947,0.0,19,0.3624180480837822,0.5655975222587586,0.0719844208409388,0.2,0.1333333333333333,15,17.1,1.648666333661024,-0.301229313990957,-1.7973672104984888,1.395773227104936,-1.7059397420536426,1.4677529228497337,-0.8867904568870787,0.2982021291167574,1.5820444925916644,-1.133656957703098,1.9725908281279063,-0.0851942751370594
JNJ,2021-Q3,2021-10-19,8876,577,15.383015597920275,10.114014002745222,40.44614691302389,85,76,28,80,-1.1714662076530606,-0.7675045245546888,-1.7628085286072737,-1.3274084483912034,0.8341837109280331,0.3167108517949817,-0.9915195718200684,1.8588110358343928,-0.7423593132494042,-0.0044771391409493,-0.0064187281493771,-0.000333007624675,1,0,0,0.4765200514812022,0.2520930975054701,0.2713868533416341,0.5833333333333334,0.25,12,0.4529815511061595,0.5270226643635676,0.0199957934852976,0.3846153846153846,0.0,13,12.4,-1.07739497163849,0.1881231101975791,1.1796474438138072,-0.3589946682270711,0.7150538150091709,-0.7657841336607306,0.6426809864787719,-0.4287883380567767,-0.6599110786992676,0.3331659297331437,-0.474033454821435,-0.9371370265076568
JNJ,2021-Q4,2022-01-25,12197,699,17.449213161659515,11.157463183111703,37.55021726654096,87,122,7,110,1.0200836321485462,0.7827529588173653,1.0298477510515518,2.363850400499882,0.3163963697446064,0.4340111672746044,1.6757260599766075,-0.550758825432413,0.615615040255603,0.0069828530675942,0.0076000388838652,-0.0231465467994857,0,0,1,0.570113625480897,0.2341386823811465,0.1957477057456142,0.7222222222222222,0.1666666666666666,18,0.4424896878190338,0.5364376702345908,0.0210726474178954,0.4375,0.0,16,16.9,-0.112851643110975,-0.1924815850856177,0.2469844130406232,0.5828299083635542,-0.0919440373451009,1.1486762004910958,0.4654903440033779,-0.2513510151452126,-0.6134728710286005,0.7533495693633175,-0.474033454821435,0.3407771005482392
JNJ,2022-Q1,2022-04-19,9474,558,16.978494623655912,10.572503368808956,25.332488917036105,60,75,2,74,-0.7768420570353668,-1.0089380670470578,0.3936282993508122,0.2945228937857216,-1.868112872416908,-1.1495430917003024,-1.0495031725113004,-1.1244659352578432,-1.0139541839504056,0.005166055627132,0.03428134645819,0.0737675849492502,0,0,0,0.4743134135549718,0.3545329242267392,0.1711536515504121,0.4545454545454545,0.2727272727272727,11,0.3813768550753593,0.539292327594012,0.0793308184365741,0.25,0.125,16,13.5,-1.1001358265846666,2.359682515732987,-0.0562707908282279,-1.232322911974743,0.9351441383785172,-1.0848608560193684,-0.566606796514123,-0.1975514990722124,1.898850260625963,-0.7363924256891158,1.8196768104435728,0.3407771005482392
JNJ,2022-Q2,2022-07-19,9190,553,16.61844484629295,10.557984031999354,31.66485310119696,64,74,18,80,-0.964255533248452,-1.0724732098082077,-0.0930121310651338,0.2431599414858777,-0.7358968262488366,-0.914942460741057,-1.1074867732025326,0.7113968161835332,-0.7423593132494042,-0.0120811820220357,-0.0046846030649233,0.0151085235476598,1,0,0,0.6413386470892213,0.199004737321626,0.1596566094085574,0.7272727272727273,0.1818181818181818,11,0.4840436998222555,0.4912417461829526,0.0247145555248217,0.5,0.0,14,12.3,0.6211690431464103,-0.9372646571534772,-0.1980342362099612,0.6170780747850317,0.0547828449011305,-1.0848608560193684,1.1672705600414588,-1.1031235875786212,-0.4564193655648317,1.2499302343807952,-0.474033454821435,-0.5111656508223581
JNJ,2022-Q3,2022-10-18,9301,547,17.0036563071298,10.481778231673308,33.652295452101924,71,92,6,77,-0.8910058999398167,-1.148715381121587,0.427636631658092,-0.0264222672916987,-0.3805454827242388,-0.5043913565623774,-0.0637819607603549,-0.665500247397499,-0.8781567485999049,-0.0008650297964587,0.0077496694902886,-0.0088452339224392,0,0,1,0.601003213857229,0.257522373388593,0.141474413112379,0.6153846153846154,0.1538461538461538,13,0.4466811613394664,0.533342006114813,0.0199768279607479,0.3846153846153846,0.0,13,12.9,0.2054858785382068,0.3032150181653835,-0.4222284906756081,-0.141650535167696,-0.2160975530919117,-0.4467074113020929,0.5362775688917719,-0.3096925989499885,-0.6607289472522452,0.3331659297331437,-0.474033454821435,-0.9371370265076568
JNJ,2022-Q4,2023-01-24,9407,598,15.73076923076923,10.387114756439733,44.43499521632827,76,99,6,138,-0.8210557996631017,-0.5006569249578597,-1.29278746983094,-0.3612995159373732,1.5473830663959285,-0.2111405678633205,0.3421032440782696,-0.665500247397499,1.883057770193609,0.0067546354435999,-0.0141685166399756,-0.044745723426994,0,1,1,0.6241344762966037,0.2253145088574716,0.1505510241591504,0.7857142857142857,0.0714285714285714,14,0.2800961186488469,0.690876747171084,0.0290271401560554,0.0833333333333333,0.0,12,13.0,0.443868749421957,-0.3795398574853911,-0.3103099955962607,1.0133782862335543,-1.0142272971785533,-0.1276306889434552,-2.277075020000779,2.6592426414009,-0.2704436314005613,-2.06060753240239,-0.474033454821435,-1.3631084021929554
LULU,2020-Q4,2021-03-30,9174,484,18.954545454545453,10.955766878338917,30.52103771528232,25,59,1,121,-0.029019483139242,-0.9662395799976476,1.441992450493626,1.5649114098614345,-0.8259108516688184,-1.1059140211166625,-0.2159493488631279,0.1336306209562122,0.9088024466244518,-0.0367882228349328,-0.0873013568142491,-0.0648935147551533,1,1,1,0.6669501097251972,0.2545561302039358,0.0784937525685462,0.7777777777777778,0.1111111111111111,18,0.3022995851933956,0.6786693558096886,0.0190310728503391,0.125,0.0,8,12.7,-0.3473221153188713,0.6649564218867048,-0.1385870339230656,-0.0414892154674662,0.3353701292345781,2.075590165269024,-0.8937707227820999,0.8872404659145253,0.2904186674697649,-0.9593116877220584,,-1.7763997287661153
LULU,2021-Q2,2021-09-08,9394,502,18.71314741035857,10.60955897657766,32.68043431977858,40,60,3,106,0.543929286532987,-0.2898718739992945,1.0626595333540343,0.7127872095848603,-0.2836371804744119,1.0053763828333302,-0.0785270359502281,2.004459314343183,0.2414999508512529,0.1089406464802154,0.1258426813609204,0.1067589439688193,0,0,0,0.6898398127120274,0.2473388739789907,0.0628213255594556,0.7692307692307693,0.0769230769230769,13,0.2454631110387189,0.7385427142892566,0.0159941764016236,0.1428571428571428,0.0,14,13.0,0.0162755240426934,0.4965862256564275,-0.4657673173720276,-0.1422220404087472,-0.137216797974409,-0.0610467695667357,-1.4928387460771706,1.522287766400803,-0.4793344427969815,-0.8711824374282447,,0.4179764067684975
LULU,2021-Q3,2021-12-09,9259,525,17.636190476190475,10.071977434030938,35.74900097202722,29,62,1,83,0.1923470869613918,0.5743757503319346,-0.6296707290876042,-0.6103664206346068,0.4869497975521556,-0.5429032467299976,0.1963175898755713,0.1336306209562122,-0.7816972093343184,-0.0270185931252568,-0.0459486216934415,-0.0632960272242654,1,1,1,0.7910962725679079,0.1856059649338325,0.0232977683190256,0.9166666666666666,0.0,12,0.4816511294671467,0.5005910814340625,0.0177577714036617,0.5,0.0,14,12.5,1.6247109762147862,-0.943570765566122,-1.2908679002833092,1.5954191898283547,-1.2005373841946294,-0.4883741565338876,0.9966311133802436,-1.001548309081081,-0.0323212630608387,0.8914025684480373,,0.4179764067684975
LULU,2021-Q4,2022-03-29,8772,480,18.275,10.619267950852052,41.03967168262654,26,57,0,139,-1.0759531440857697,-1.1165435146639484,0.3741546373499878,0.7366839834510378,1.815557716701261,-0.965161327519996,-0.4907939746889274,-0.8017837257372731,1.7095654415522905,0.1019680231845256,0.0869304454958449,0.1246038055063803,0,0,0,0.7155427101201245,0.1886623177145208,0.09579496790788,0.7857142857142857,0.0714285714285714,14,0.4177095185626637,0.5686117329380729,0.013678758659146,0.3636363636363636,0.0,11,11.9,0.4245601063159358,-0.87226960881145,0.2225961150207063,0.0520484076922946,-0.2131682684187106,0.3662806174004161,0.3226735004114018,-0.280086673858454,-1.066216491275385,0.2184155662043659,,-0.6792116609988089
LULU,2022-Q1,2022-06-02,9568,533,17.951219512195124,10.04810298102981,30.20484949832776,43,73,0,85,0.9970796770919318,0.874983619664536,-0.1346340621011852,-0.6691287974236134,-0.905312914652224,1.427634463623329,1.7079630319174686,-0.8017837257372731,-0.6927235432312253,0.0105286672038525,0.01588389085282,0.0372883231526423,0,0,0,0.5788675402714447,0.2656657181002877,0.155466744760898,0.6363636363636364,0.1818181818181818,11,0.3520699609071016,0.6219585291109979,0.0259715061984024,0.1875,0.0,16,13.4,-1.7464933645357017,0.92413019040017,1.4683143980504707,-1.7081595917686665,1.3127658195986192,-0.9157015435010396,-0.3691808174279961,0.2857365864279828,2.049589665391156,-0.6508593116937093,,1.1494351186133684
LULU,2022-Q2,2022-09-01,8570,494,17.34817813765182,10.087741077603884,35.82263710618437,30,49,1,79,-1.602024287148453,-0.5904797433318959,-1.0822533542619863,-0.571567242150505,0.5054415080229497,-0.4021505531333315,-1.5901724779921254,0.1336306209562122,-0.9596445415405048,0.0775167585753249,0.1406344663490264,0.1583920815592837,0,0,0,0.6938155423849821,0.1698260158300399,0.1363584460535397,0.75,0.1666666666666666,12,0.3988234767069419,0.5854594881335894,0.0157170543291916,0.25,0.0,12,11.5,0.0794290706246549,-1.3116986308241634,1.0694062657187895,-0.3688708965266307,1.1033238859491812,-0.4883741565338876,0.1236107694688585,-0.1013908109928769,-0.5495757502568804,-0.3424069356653599,,-0.3134823050763734
LULU,2022-Q3,2022-12-08,9559,550,17.38,9.847318930233891,30.65174181399728,37,64,0,91,0.9736408637871588,1.5137753419963138,-1.0322484757468835,-1.1633201426885942,-0.7930880754809071,0.5831183020433317,0.4711622157013708,-0.8017837257372731,-0.4258025449219458,-0.1210177602394183,-0.1432694199057511,-0.1149570306681351,1,1,1,0.6855945056304336,0.270712518133223,0.0436929524100075,0.8333333333333334,0.0,12,0.511654703815778,0.4712986230850219,0.0170466764519611,0.6666666666666666,0.0,15,13.5,-0.0511601973434939,1.041866167258432,-0.8650945272115644,0.6132741466508627,-1.2005373841946294,-0.4883741565338876,1.31287490302676,-1.3122390248108993,-0.2125603854708357,1.7139422378569686,,0.783705762690933
MA,2020-Q4,2021-01-28,10775,659,16.350531107739,9.409276236315524,12.714617169373549,41,63,9,91,1.974053368832784,1.407042255872252,-0.7209331749053876,-0.4974483814924517,-1.4403007536361976,0.7611392533900253,0.1055743443286529,0.8693857647819642,1.1138923237036429,-0.0046194860944596,0.0207347305071787,0.0283687246118436,1,0,0,0.5821739029712402,0.2570190392434597,0.1608070732595828,0.6153846153846154,0.1538461538461538,13,0.1142547329997315,0.8598596278358909,0.025885640479186,0.0,0.0,17,15.3,-1.6713759915734647,0.4051776646081431,1.750423002529117,-1.4573647680331283,1.7801652966714656,2.0000000000000004,-1.7655303352764853,1.7595072346383531,-0.4334402018963069,-0.6027962867863099,,-0.1849000654084092
MA,2021-Q1,2021-04-29,10289,619,16.621970920840063,9.499452887439984,13.801146855865488,25,52,5,67,-0.009979130081419,0.1470044147926222,-0.2622688857718469,-0.2197484573239003,-1.1619178819843166,-0.7199965910446188,-0.7654139963827324,0.0234969125616746,-0.268870560893983,-0.0111439092420074,-0.0229565688470455,-0.0322750767852645,1,1,1,0.6609415039420128,0.2334162764251232,0.1056422396562993,0.7,0.1,10,0.1906279822190602,0.7770605087280273,0.0323115084320306,0.0,0.0,18,14.0,-0.4952784721516733,-0.1258022663115962,0.7223776360400084,-0.7172993763856232,0.8782611534327731,-1.0000000000000002,0.611261409312691,-0.6352262207729079,0.2451867676851242,-0.6027962867863099,,1.47920052326728
MA,2021-Q2,2021-07-29,10018,565,17.730973451327433,9.523169902635864,17.86783789179477,29,49,14,67,-1.1163017786529188,-1.5540466706648777,1.611663502709053,-0.1467116652133729,-0.1199793663804391,-0.3497126299359577,-1.002956271122201,1.9267468300573265,-0.268870560893983,-0.0025250310400675,-0.0556857245921225,-0.0459079252370394,1,1,1,0.7934499233961105,0.1913272984325885,0.015222774259746,0.9,0.0,10,0.1696300778318853,0.8104547262191772,0.0199152018107912,0.0,0.0,17,13.5,1.4832358091236113,-1.0726576323112276,-0.9626689120894522,1.0319460947812096,-0.7967036840105147,-1.0000000000000002,-0.0422088346700594,0.3306083280120648,-1.063969918712376,-0.6027962867863099,,-0.1849000654084092
MA,2021-Q3,2021-10-28,10290,647,15.90417310664606,9.056333970215064,19.43634596695821,19,45,1,72,-0.0058967586844762,1.029030903548363,-1.4751647407594903,-1.5843377182532647,0.2818925636751069,-1.2754225327076103,-1.3196793041081594,-0.8223919396586149,0.0192050400638556,0.0054478280882201,-0.0214736677081656,-0.0115360087422845,0,1,1,0.7212564960122109,0.2645709335803985,0.0141725442372262,0.8,0.0,10,0.14303718548682,0.8370337453153398,0.0199290609711574,0.0,0.0,18,14.1,0.4052988170313055,0.5750689762399208,-0.9822408755646572,0.1573233591977936,-0.7967036840105147,-1.0000000000000002,-0.869799223144767,1.0993322821724707,-1.0625062720782907,-0.6027962867863099,,1.47920052326728
MA,2021-Q4,2022-01-27,10485,650,16.130769230769232,9.228828654856922,24.6065808297568,25,85,8,99,0.7901656637193705,1.1235337416293352,-1.0922748875577644,-1.0531385636249808,1.606573192390922,-0.7199965910446188,1.847551025751424,0.6579135517268918,1.5748132852361845,0.0663976835236251,0.068134398832677,0.0771821528795418,0,0,0,0.7366403178735212,0.2470643532208421,0.0162953351708975,0.8181818181818182,0.0,11,0.1440780530957614,0.8081891221158645,0.0477328261031824,0.0,0.0,17,14.2,0.6349982684215716,0.1812319114223846,-0.9426807927938108,0.3163456747584148,-0.7967036840105147,0.0,-0.8374066568282866,0.2650820518707419,1.8738106601965685,-0.6027962867863099,,-0.1849000654084092
MA,2022-Q1,2022-04-28,10453,603,17.334991708126037,10.098146887376288,20.85525686405817,54,66,1,82,0.6595297790172008,-0.3570107216392296,0.9425550079735904,1.6239358701525752,0.6454357738272052,1.9645621269931737,0.3431166190681217,-0.8223919396586149,0.595356241979533,-0.0038280183444608,-0.0288220405053136,-0.034482131966259,1,1,1,0.6522416217873493,0.2357895245465139,0.1119688554899767,0.75,0.0833333333333333,12,0.2153503322042524,0.7475727424025536,0.037076920911204,0.125,0.0,16,14.7,-0.6251784525402879,-0.0724124520237345,0.8402797064086489,-0.2799880085939147,0.5991003471922245,1.0000000000000002,1.3806391423838948,-1.488077571195732,0.7484553460746601,2.191986497404764,,-1.8490006540840984
MA,2022-Q2,2022-07-28,10128,598,16.93645484949833,9.698781785860437,15.995260663507109,35,73,5,51,-0.6672409249892104,-0.5145154517741832,0.2691290176310009,0.3940869344956929,-0.5997577218929625,0.2057133117270338,0.8973819267935488,0.0234969125616746,-1.1907124839590668,-0.0107768683222398,-0.0146610980951832,-0.0096763178545772,1,1,1,0.7727146013216539,0.1628123413432728,0.0644730566154149,1.0,0.0,11,0.1807273196823456,0.7969234217615688,0.0223492461749736,0.0588235294117647,0.0,17,15.5,1.1736318532378756,-1.7141448201459308,-0.044846428691042,1.906568830364625,-0.7967036840105147,0.0,0.3031455019267433,-0.0607468920570938,-0.8069138816426067,0.7123956116565481,,-0.1849000654084092
MA,2022-Q3,2022-10-27,10124,589,17.188455008488965,9.906564965039887,17.38443303042276,27,56,1,45,-0.6835704105769816,-0.7980239660170999,0.6949452325203933,1.0339573708240113,-0.2438339054254876,-0.5348546104902883,-0.4486909633967741,-0.8223919396586149,-1.5364032051084733,0.0078340715831229,0.0313248794289427,-0.0083310090655206,0,0,1,0.669719937172803,0.2385594861751253,0.0917205641638826,0.7272727272727273,0.0909090909090909,11,0.1779853486839462,0.7842877472148222,0.0377269106204895,0.0,0.0,17,14.7,-0.3642056272268534,-0.0100979659811183,0.4629349250065777,-0.4787659030446909,0.7259916227561103,0.0,0.2178133457134748,-0.4261985163595672,0.81709985447547,-0.6027962867863099,,-0.1849000654084092
MA,2022-Q4,2023-01-26,10061,599,16.796327212020035,9.716744926394934,22.36358214889176,40,66,0,71,-0.9407598085843782,-0.4830145057471925,0.0323489281604337,0.4494046104357129,1.0318880994261637,0.6685682631128601,0.3431166190681217,-1.0338641527136874,-0.0384100801277121,-0.0108071681981075,-0.0218757360094802,-0.0358189020800235,1,1,1,0.6578709117390893,0.3205159345472401,0.0216131692498245,0.7272727272727273,0.0,11,0.2031863046919598,0.7698323446161607,0.0269813641138813,0.0588235294117647,0.0,17,14.2,-0.5411262043220897,1.83363658450316,-0.8435782608453889,-0.4787659030446909,-0.7967036840105147,0.0,1.002085650582793,-0.8442806963083394,-0.3177223541022433,0.7123956116565481,,-0.1849000654084092
META,2019-Q2,2019-07-24,10459,521,20.07485604606526,10.478175603548188,12.716320871976288,45,85,41,92,-0.0527835774278567,-0.7281814742945442,0.9020905823862398,1.090216795827346,-1.2064655294035054,-0.7831393427788632,1.295751803903972,2.4008894083425614,0.2812657257420167,-0.0145231677941696,-0.0426735571370494,-0.0376599118963866,1,1,1,0.3601396884769201,0.547360920968155,0.0924993916414678,0.25,0.0833333333333333,12,0.1645400302813333,0.8112344741821289,0.0242255017270936,0.0,0.0,17,13.4,0.0772274333663038,0.5950781932835887,-0.7566612294483656,-0.2175853658650393,-0.6094991111691754,-0.9752368720068676,1.0240940535591327,0.2721187238847498,-1.1178935486489665,-0.3535533905932737,,0.9130506104936544
META,2020-Q1,2020-04-29,10079,490,20.56938775510204,10.621937322354857,15.279293580712372,82,87,5,62,-1.7598269325415217,-1.7427264497161563,1.488161413664034,1.4119431348974536,1.3347441001858649,1.5583681871458186,1.4616080348036802,-0.5414771857113011,-1.186207625955462,0.0634844920061571,0.0898832161869112,0.1040944635926765,0,0,0,0.3611690774559974,0.4754491736491521,0.1633817534893751,0.4,0.1333333333333333,15,0.1335835368014299,0.8073809238580557,0.059035538480832,0.0,0.0,13,13.5,0.1282117470880154,-0.7894527284641676,0.8952771861891068,1.6362759048082227,0.1476943238669334,1.3653316208096145,-1.0029319561103816,-0.0712614969722144,0.9637704869285046,-0.3535533905932737,,-1.74309662003334
META,2020-Q4,2021-01-27,10542,558,18.892473118279568,9.793154570282024,15.367103016505409,61,64,8,70,0.3200706290838122,0.4827270447570573,-0.4991545404507526,-0.4428012499232444,1.4218079159828394,0.2294044539453235,-0.4457386205429663,-0.2962799695401458,-0.7948813988361343,-0.0348369493183222,-0.0420847672634931,-0.0400447718098556,1,1,1,0.3482895945509275,0.5860666088759899,0.0656438006088137,0.3333333333333333,0.0,15,0.1338859674121652,0.8056440736566272,0.0604699541415487,0.0,0.0,14,14.1,-0.5096924954793315,1.340286365158374,-1.382540240036107,0.8123375622867726,-1.8714881695626897,1.3653316208096145,-0.9831288503587984,-0.2260278696951235,1.0495495257185854,-0.3535533905932737,,-1.0790598124015915
META,2021-Q1,2021-04-28,10563,579,18.243523316062177,9.187940494963478,13.25381047051027,29,54,7,62,0.41440723555062,1.1699994474620203,-1.2682266607883768,-1.7972182005704973,-0.6735399391531691,-1.79568313950305,-1.2750197750415082,-0.3780123749305309,-1.186207625955462,0.0666003449256374,0.0484902855993421,0.0297426152451513,0,0,0,0.3539801382770141,0.5594122263913354,0.0866076478268951,0.1666666666666666,0.0833333333333333,12,0.1742306349470335,0.7944324472371269,0.0313369258690406,0.0588235294117647,0.0,17,13.9,-0.2278471751243742,0.8271043312635573,-0.8939703947844587,-1.2475082940168525,-0.6094991111691754,-0.9752368720068676,1.6586332244620372,-1.2250678282610423,-0.6926255151000327,2.4748737341529163,,0.9130506104936544
META,2021-Q3,2021-10-25,10411,542,19.20848708487085,10.03557387618486,13.159158582268756,56,57,5,110,-0.268410106494846,-0.0409090715895811,-0.1246455560697926,0.0997122679689599,-0.7673881057911864,-0.0870154825309848,-1.0262354286919455,-0.5414771857113011,1.161749736760504,-0.040085719039341,-0.0418893485663263,-0.0059315384443455,1,1,1,0.3202020841149183,0.552633282656853,0.1271646375982807,0.2307692307692307,0.1538461538461538,13,0.1459666551090777,0.8320644982159138,0.0219688254292123,0.0,0.0,16,14.3,-1.90083080455166,0.6965880030266142,0.0512245405892403,-0.4552598877462276,0.4583377843945675,-0.1950473744013735,-0.1920874427706508,2.1282300113108903,-1.2528443366206317,-0.3535533905932737,,0.2490138028619057
META,2021-Q4,2022-02-02,10821,545,19.855045871559632,10.036181058510332,14.508825432030312,56,71,8,102,1.5733998292856872,0.0572727002254135,0.6415929654654831,0.1010710896938561,0.5708182604572463,-0.0870154825309848,0.134758187606013,-0.2962799695401458,0.7704235096411763,-0.2403960223440218,-0.2816224574261817,-0.2821492140346129,1,1,1,0.3920838827124008,0.4782779616518662,0.1296381510507602,0.3076923076923077,0.1538461538461538,13,0.1337120469440432,0.8059762628639445,0.0603116990121848,0.0,0.0,17,14.3,1.6593823365097498,-0.7349895203397315,0.1088706430500264,0.4954381997785231,0.4583377843945675,-0.1950473744013735,-0.9945171334899636,-0.1964273211665736,1.0400857606104623,-0.3535533905932737,,0.9130506104936544
META,2022-Q1,2022-04-27,10284,529,19.44045368620037,10.050081813627276,13.321664721898092,60,73,14,111,-0.8389219646512551,-0.4663634161212249,0.1502586743074144,0.1321797818492299,-0.6062618614555148,0.1661204666500619,0.3006144185057214,0.1941144628021645,1.21066551515042,0.150676693737281,0.2134883384406273,0.2487384563944359,0,0,0,0.3663803450763225,0.4957157981892426,0.1379038728773594,0.1666666666666666,0.1666666666666666,12,0.1495533343404531,0.7983715385198593,0.052075118641369,0.0,0.0,16,13.8,0.3863191376301182,-0.3992554463604091,0.3015062023395262,-1.2475082940168525,0.6524899472243387,-0.9752368720068676,0.0427677127416874,-0.8740652667554509,0.5475326140749528,-0.3535533905932737,,0.2490138028619057
META,2022-Q2,2022-07-27,10607,582,18.22508591065292,9.72509905910779,13.858772508720657,70,64,5,81,0.6120648871953601,1.2681812192770152,-1.290076878514262,-0.5951036197430958,-0.0737148408225765,0.7989603396026786,-0.4457386205429663,-0.5414771857113011,-0.2568078365470588,-0.0647892614105994,-0.0811676098919711,-0.0380378485029799,1,1,1,0.3663987320448671,0.4367072165810636,0.1968940598224955,0.2857142857142857,0.2142857142857142,14,0.1557293226321538,0.8103409727414449,0.0339297143742442,0.0,0.0,15,14.2,0.387229820561181,-1.5353591975678356,1.6762932921010318,0.2238101747714513,1.3736265520206323,0.5851421232041205,0.4471703919669316,0.1925010476547448,-0.5375749869628751,-0.3535533905932737,,-0.4150230047698429
MSFT,2021-Q2,2021-01-26,7485,419,17.863961813842483,10.919074324345914,36.87374749498998,16,63,9,59,-2.412558687131775,-2.3699219865172827,-0.2034498816249688,0.0008021552310027,0.2883617080987978,-1.475162231396747,-0.8513685187517755,-0.5270462766947297,-1.5676224752902603,0.0268938712372876,0.0341559780309263,0.0367408012536821,0,0,0,0.6733613034540956,0.3041501536288045,0.022488573312082,0.6363636363636364,0.0,11,0.1797480441629886,0.7988921165466308,0.0213598258793354,0.0,0.0,10,10.1,1.79549265410094,-0.5379818695247207,-1.2835174243169387,1.7483296568494262,-1.304271433322802,-2.444444444444444,-0.0909204142179996,0.2324483376222804,-0.3792630532727097,-0.3333333333333333,,-0.5039526306789699
MSFT,2021-Q3,2021-04-27,8958,509,17.599214145383105,11.12003676946524,39.29448537620005,35,73,10,74,0.0291002574675015,0.3224157541264744,-0.8436577832328161,0.6282263178859269,0.8899247481422939,-0.462099012244764,0.2278310120603347,-0.2108185106778917,-0.5550433644568389,-0.0279980938919402,-0.0368437217909316,-0.0495776913108104,1,1,1,0.5177633312841257,0.3653277907520532,0.1169088852281371,0.5333333333333333,0.0666666666666666,15,0.201479809731245,0.7774767577648163,0.0210434397682547,0.0,0.0,10,12.5,0.3716449600843263,0.7795609262666363,-0.5757598124873788,0.7157817678343729,-0.8593625992147198,0.2222222222222225,0.5943380156524389,-0.5016541109869449,-0.410049152498875,-0.3333333333333333,,-0.5039526306789699
MSFT,2021-Q4,2021-07-27,8636,497,17.37625754527163,11.04182306956493,40.99119962945808,35,64,17,70,-0.5046500345630259,-0.0365626112926931,-1.3828072984584334,0.3840355929026742,1.311565022456015,-0.462099012244764,-0.7434485656705645,2.002775851439974,-0.8250644606790846,-0.0007066454022089,-0.004549645528449,-0.0028505279040317,0,0,0,0.4981685740252335,0.3531149531404177,0.1487164756904045,0.4,0.2,15,0.2104346506297588,0.7749140143394471,0.0146513341926038,0.0,0.0,10,12.5,0.1923370324243699,0.5165410227851859,-0.3373358568067246,-0.620456676773343,0.0304550690014464,0.2222222222222225,0.8767071676010765,-0.5895030348778819,-1.0320359895440694,-0.3333333333333333,,-0.5039526306789699
MSFT,2022-Q1,2021-10-26,9066,505,17.952475247524752,11.0317207848562,33.09066843150232,32,67,9,73,0.2081220945460635,0.2027562989867519,0.0105916620516503,0.3524952843613817,-0.6517485615099623,-0.6220563626371823,-0.4196887064269314,-0.5270462766947297,-0.6225486385124003,0.0465443927965161,0.062146968577627,0.0612043244275146,0,0,0,0.5160333774983883,0.3938687288069299,0.0900979137846401,0.5,0.0714285714285714,14,0.1806605150076476,0.7912418463013389,0.0280976516448638,0.0,0.0,11,12.1,0.3558144792996104,1.3942284598226191,-0.77673001407441,0.3817221566824439,-0.8275833967784278,-0.444444444444444,-0.0621478629795982,-0.0297971926445384,0.2763642493216903,-0.3333333333333333,,0.6299407883487119
MSFT,2022-Q2,2022-01-25,9169,487,18.82751540041068,11.460233857085631,27.70203948085941,26,61,7,78,0.3788558836117291,-0.3357112491419995,2.1265975304382287,1.690354481738274,-1.9908443960390327,-0.9419710634220192,-1.0672084249141975,-1.1595018087284057,-0.2850222682345931,0.0310020501907673,0.0513130222705702,0.027727980200411,0,0,0,0.5460650386909643,0.3845979162802299,0.0693370442216595,0.5333333333333333,0.0666666666666666,15,0.2249738946557045,0.7507431859319861,0.0242829221216115,0.0909090909090909,0.0,11,12.8,0.6306285462196312,1.194569028205832,-0.9323497442280622,0.7157817678343729,-0.8593625992147198,0.2222222222222225,1.3351669048658603,-1.4180609170786802,-0.0948297996922777,2.6666666666666665,,0.6299407883487119
MSFT,2022-Q3,2022-04-26,9513,533,17.848030018761726,10.773943714031963,32.797224850204984,57,86,12,104,0.9490735868990008,1.0403724849648095,-0.2419758530031175,-0.4523096269119692,-0.7246704644622278,0.7109215572996372,1.6307904021160782,0.421637021355784,1.470114857210004,0.0452970060624009,0.0368681635014229,0.042107008724146,0,0,0,0.4835331119596958,0.2657832399010658,0.2506836575145523,0.4666666666666667,0.2666666666666666,15,0.1567221817870935,0.8231997440258662,0.0200780741094301,0.0,0.0,12,13.0,0.0584106796431134,-1.3642650206194962,0.4269917293699739,0.0476625455305149,0.4753639031095287,0.2222222222222225,-0.8169850429091259,1.065695589475026,-0.5039845116099015,-0.3333333333333333,,1.7638342073763935
MSFT,2022-Q4,2022-07-26,9090,499,18.216432865731463,10.943533677692264,37.2937293729373,68,64,14,95,0.2479047250079662,0.023267116277168,0.6488890787915148,0.0771666186674581,0.3927288835878167,1.2974318420718378,-0.7434485656705645,1.0540925533894598,0.8625673907099513,0.0408855161308271,0.0605104338598339,0.0470631930499298,0,0,0,0.3938976657809689,0.3062141091795638,0.2998882352840155,0.375,0.3125,16,0.1413473528292444,0.8081972897052765,0.0504553449443644,0.0,0.0,9,12.0,-0.7618263810578761,-0.4935318074659633,0.795820361117753,-0.87100138513729,0.7812387265588361,0.8888888888888892,-1.3017929209478878,0.5514226994384973,2.451890102955117,-0.3333333333333333,,-1.6378460497066518
MSFT,2023-Q1,2022-10-25,9447,532,17.757518796992482,10.30376514837512,35.35513919762888,60,83,8,95,0.8396713531287684,1.010457621179879,-0.4608484107787915,-1.920252518830776,-0.0890185242207633,0.8708789076920557,1.3070305428724451,-0.8432740427115676,0.8625673907099513,-0.069622163929761,-0.0696559572930466,-0.088683778895471,1,1,1,0.3296760363737121,0.3110285636503249,0.359295402711723,0.3125,0.375,16,0.21016664667563,0.7627171846953306,0.0271161729469895,0.0,0.0,11,13.3,-1.3495063981060686,-0.3898460474089413,1.2411257630060055,-1.497363156047157,1.1983407585351638,0.8888888888888892,0.8682563140232326,-1.007601213770818,0.1808610033735182,-0.3333333333333333,,0.6299407883487119
MSFT,2023-Q2,2023-01-24,9100,503,18.09145129224652,10.675225218234305,38.02197802197802,64,77,10,92,0.264480821033759,0.1429265714168906,0.346660955816682,-0.7605183050439673,0.5737015839470625,1.0841553748819468,0.6595108243851788,-0.2108185106778917,0.660051568543267,-0.0062829655430724,0.0115919361436369,0.0081469209935464,1,0,0,0.3358515352631608,0.2780875705182552,0.386060886643827,0.4,0.4,15,0.1381497308611869,0.8416177153587341,0.0202325532212853,0.0,0.0,10,12.5,-1.292995572608044,-1.0992746920611498,1.4417549984197815,-0.620456676773343,1.365181571325695,0.2222222222222225,-1.4026221610879983,1.6970498428230636,-0.4889528490324916,-0.3333333333333333,,-0.5039526306789699
NFLX,2020-Q4,2021-01-19,7855,402,19.53980099502488,9.2329073809037,8.020369191597707,18,71,2,32,-0.8804836451382396,-0.3596084493026748,-0.2220018199749508,-0.0900026587005091,0.1105487157307042,-0.8512565307587486,1.9706355672679063,0.2222222222222221,-0.779084834967687,0.1547047754036781,0.1151814969812262,0.1063212523834064,0,0,0,,,,,,0,0.1426062438298355,0.835618181662126,0.0217755714177408,0.0,0.0,22,10.7,,,,,,,-0.7773354539501689,1.6203333661348058,-1.021779069799135,-0.6317879873947724,,-0.4166666666666678
NFLX,2021-Q1,2021-04-20,8212,339,24.224188790560472,10.639536611918931,4.992693619094009,24,45,1,32,-0.1859111060198578,-1.6260555968468755,2.3050759302346235,2.049168125269414,-1.3125557092766311,0.1702513061517497,-0.6055025486018711,-0.4444444444444445,-0.779084834967687,-0.0834652477102487,-0.0911863544751152,-0.0930788796862574,1,1,1,,,,,,0,0.1256860538345316,0.8210696655771007,0.0532442750409245,0.0,0.0,23,11.5,,,,,,,-1.544061831685387,0.7825738540694893,1.9054764034461604,-0.6317879873947724,,0.3333333333333321
NFLX,2021-Q2,2021-07-20,7542,364,20.71978021978022,9.80057436345433,9.94431185361973,22,38,5,23,-1.4894506052056162,-1.1234972049642562,0.4145593220019443,0.7732927977860792,1.0148633459537182,-0.1702513061517497,-1.299078195182196,2.222222222222222,-1.488139572410189,-0.0408991913035691,-0.0500513511800555,-0.0413032318214745,1,1,1,,,,,,0,0.1696405390277505,0.7929695874452591,0.0373898754827678,0.05,0.0,20,9.6,,,,,,,0.4477044089281368,-0.8355367220984555,0.4306816855779355,1.0070605513360285,,-1.916666666666668
NFLX,2021-Q3,2021-10-19,7981,394,20.256345177664976,9.194074577703258,5.638391179050244,19,40,0,37,-0.6353403960376343,-0.520427134705113,0.1645509036739384,-0.1490587313559056,-1.0090571894433822,-0.6810052246069989,-1.1009137247306744,-1.1111111111111112,-0.3851655363885193,-0.0256179306424111,0.0348408608766816,0.0343917763578856,1,0,0,,,,,,0,0.1348876567049459,0.8273782757195559,0.0377340631305494,0.0,0.0,22,11.0,,,,,,,-1.1270977408478229,1.1458478899825753,0.4626984215660635,-0.6317879873947724,,-0.4166666666666678
NFLX,2021-Q4,2022-01-20,8579,457,18.77242888402625,8.92103545759019,9.674787271243735,31,53,2,47,0.5281172465192069,0.7460200128390878,-0.6359745891987333,-0.5642906174480032,0.8881781656421595,1.3620104492139975,0.1871553332042143,0.2222222222222221,0.4026730607698161,-0.1982738166376173,-0.2515682050846289,-0.2044363760688105,1,1,1,,,,,,0,0.1581094702300818,0.8074753725010416,0.0344151604272749,0.0,0.0,23,11.5,,,,,,,-0.0748177739259532,-0.0002378270472232,0.153970225461683,-0.6317879873947724,,0.3333333333333321
NFLX,2022-Q1,2022-04-19,8292,464,17.870689655172413,8.377707470684435,5.306319343945972,28,55,0,40,-0.0302645986543941,0.8867363625662212,-1.1224341312331148,-1.3905718648973528,-1.16514158046894,0.8512565307587486,0.3853198036557356,-1.1111111111111112,-0.1488139572410186,-0.3504245310959873,-0.3390803559251133,-0.3658545693547085,1,1,1,,,,,,0,0.1920676678419113,0.7814406427470121,0.0264916883950883,0.0,0.0,22,10.9,,,,,,,1.463973803270348,-1.4994176999648448,-0.5830803741135944,-0.6317879873947724,,-0.4166666666666678
NFLX,2022-Q2,2022-07-19,8584,465,18.46021505376344,8.721678936645304,8.504193849021435,31,58,2,51,0.5378451532295483,0.906838698241526,-0.8044039887708202,-0.86746762798929,0.33796179035481,1.3620104492139975,0.6825665093330177,0.2222222222222221,0.7178084996331503,0.0670780441688916,0.086100694037606,0.0644216370510509,0,0,0,,,,,,0,0.1586810403867908,0.8011225669280343,0.0401964021198775,0.0,0.0,23,11.6,,,,,,,-0.0489174787166988,-0.366056805834103,0.691748063070385,-0.6317879873947724,,0.3333333333333321
NFLX,2022-Q3,2022-10-18,8391,413,20.317191283292978,9.544276989929944,7.269693719461328,19,47,1,65,0.1623479542103671,-0.1384827568743223,0.1973754362341948,0.3835213915315068,-0.2422927828246854,-0.6810052246069989,-0.4073380781503497,-0.4444444444444445,1.82078253565482,0.1379508467659515,0.1937191506926462,0.1710968732416115,0,0,0,,,,,,0,0.1797128909307977,0.7989159239375073,0.0213711935135981,0.0434782608695652,0.0,23,11.8,,,,,,,0.9041258729921462,-0.4931237963259389,-1.059394773557872,0.7932976984580974,,0.3333333333333321
NFLX,2022-Q4,2023-01-19,9332,481,19.401247401247403,9.197012493145106,10.715816545220749,15,53,2,50,1.993139997096634,1.2284760690464025,-0.2967470629670706,-0.1445908141959309,1.3774952443322508,-1.3620104492139975,0.1871553332042143,0.2222222222222221,0.6390246399173167,0.0659868201482949,0.1224182238701619,0.114004325702419,0,0,0,,,,,,0,0.1764534404873848,0.801325306892395,0.0222212601825594,0.08,0.0,25,12.3,,,,,,,0.7564261939354071,-0.3543822589163048,-0.9803205816516276,1.990369674574509,,1.833333333333332
NVDA,2020-Q2,2019-08-15,8648,394,21.9492385786802,11.180205355739364,13.41350601295097,19,62,5,55,0.3793271797450283,-1.4797005043014868,1.5953752755372204,0.9331819155772424,-1.8805327075364209,-0.5682175455222245,-0.5421796221111717,-0.2572478777137633,-0.7001065331907786,0.0577724464231625,0.1092744363785448,0.125565777654707,0,0,0,0.5168419703841209,0.3300810108582179,0.1530770514315615,0.6666666666666666,0.1666666666666666,6,0.1516220865564214,0.8252067367235819,0.0231711791000432,0.0,0.0,18,11.2,0.0445121436596203,-0.6874773124183243,0.3427952599812336,0.5190281725517785,0.3967040467646179,-1.20761472884912,-0.5874354210646733,0.709007146616575,-0.5358349966274984,-0.6804967195526194,-0.5088963368027013,1.07299384409869
NVDA,2021-Q4,2021-02-24,8729,410,21.290243902439023,11.433843095921414,18.329705579104136,11,46,10,97,0.6751202152140756,-1.1432854695757493,1.283411253593803,1.2789729096387883,1.0821219486886435,-0.9178898812282088,-1.7597057910625749,1.4577379737113252,1.884902204744404,-0.0580822528219874,-0.0397407477938419,-0.090434097845487,1,1,1,0.5861891421178976,0.3399212201022439,0.0738896343650089,0.6666666666666666,0.1111111111111111,9,0.1459148209542036,0.8320310413837433,0.0220541325979866,0.0,0.0,16,11.9,0.8962521489891524,-0.5472639533813154,-0.2655213767037896,0.5190281725517785,0.0793408093529236,1.6906606203887675,-0.7873990577186514,0.8430416758116537,-0.5667960086060588,-0.6804967195526194,-0.5088963368027013,-0.643796306459214
NVDA,2022-Q2,2021-08-18,9010,504,17.876984126984127,10.577911336176268,18.09100998890122,18,86,7,58,1.7012664246807705,0.8331528594379598,-0.3324049068070065,0.1120586568990911,0.9382765672676432,-0.6119265874854726,1.284109631315933,0.4287464628562721,-0.5154630519096941,0.0382624957683925,0.1348580656462357,0.1444937805188301,0,0,0,0.5608430632523128,0.4164815789886883,0.0226753766515425,0.5714285714285714,0.0,7,0.1888408876127666,0.7913505401876237,0.0198085758214195,0.0,0.0,18,12.5,0.5849450140574904,0.5436462927665882,-0.6589485922472931,-0.1877335943272392,-0.5553856654704655,-0.2415229457698239,0.7165877889705587,0.0440457199199685,-0.6290357722415287,-0.6804967195526194,-0.5088963368027013,1.07299384409869
NVDA,2021-Q3,2021-11-17,8426,429,19.64102564102564,11.277790726858068,17.80204130073582,38,83,8,53,-0.4313648433923606,-0.7437926158389357,0.502681483775824,1.0662226155171706,0.764135054504286,0.2622542517794882,1.0558234746375448,0.7717436331412898,-0.8232021873781683,0.0791025318602251,0.0933198831038453,0.1138633000082471,0,0,0,0.4829286362510174,0.4924797664862126,0.0245915751438587,0.5,0.0,8,0.1440023703034967,0.8276471458375454,0.0283504745457321,0.0625,0.0,16,11.9,-0.3720202494156509,1.62654614636691,-0.6442283820769444,-0.7178049194865024,-0.5553856654704655,0.724568837309472,-0.8544049785378991,0.7569386360389332,-0.3922812340587565,0.4280047240625073,-0.5088963368027013,-0.643796306459214
NVDA,2022-Q4,2022-02-16,8182,465,17.59569892473118,10.263032026250894,15.399657785382548,18,66,8,79,-1.3223957156694908,0.0131412122939741,-0.465563589527353,-0.317224577963187,-0.6836159189918868,-0.6119265874854726,-0.2377980798733209,0.7717436331412898,0.7770413170578971,-0.0542298947062384,-0.0795921960663783,-0.063244632608725,1,1,1,0.5878205569460988,0.3992648338899016,0.0129145982209593,0.75,0.0,8,0.2130616247653961,0.771230153242747,0.0157082269589106,0.1333333333333333,0.0,15,11.5,0.916289610355294,0.2983245112759762,-0.7339307564127163,1.1374447185709191,-0.5553856654704655,0.724568837309472,1.5652019977779892,-0.3511339688068221,-0.7426845326240948,1.6843063601596504,-0.5088963368027013,-1.5021913817381662
NVDA,2023-Q1,2022-05-25,8637,513,16.83625730994152,9.777542746538536,15.630427231677665,37,63,2,55,0.3391577551751576,1.0223863164711873,-0.8250785736731112,-0.9791048664307652,-0.5445470782377912,0.2185452098162402,-0.466084236551709,-1.2862393885688164,-0.7001065331907786,0.0316238813839576,0.0608131957260909,0.1037868897279091,0,0,0,0.5425167328545025,0.4265873817993061,0.0308959083631634,0.5714285714285714,0.0,7,0.1517575146520839,0.7715063585954554,0.0767361230271704,0.0,0.0588235294117647,17,11.7,0.3598562561392068,0.6876441004049377,-0.595798581957489,-0.1877335943272392,-0.5553856654704655,-0.2415229457698239,-0.5826904702596375,-0.3457090857960236,0.9488165980065314,-0.6804967195526194,0.9003550574201636,0.214598768819738
NVDA,2023-Q2,2022-08-24,8505,510,16.676470588235293,9.57030488923752,16.931216931216934,83,79,3,78,-0.1428753396632898,0.9593084974601114,-0.900720623834962,-1.2616376812708132,0.2393492238248886,2.22916114012565,0.7514419323996941,-0.9432422182837988,0.7154934899642024,0.0260055546951393,-0.0558229419433531,-0.0788653800102514,0,1,1,0.3372103730216622,0.2643824132780234,0.3984072068706155,0.3333333333333333,0.5,6,0.2034894749522209,0.6786615629163053,0.1178489562330974,0.1111111111111111,0.1111111111111111,18,11.6,-2.1617698700065846,-1.623618081613072,2.227418102378944,-1.954638011524784,2.300883471234786,-1.20761472884912,1.22982565109186,-2.16925142406758,2.0883348893379345,1.290172513540939,2.153022963396044,1.07299384409869
NVDA,2023-Q3,2022-11-16,8216,490,16.76734693877551,9.885100194650132,16.674780915287247,32,68,3,56,-1.198235676089891,0.5387897040529392,-0.8577003190644111,-0.8324689719675171,0.0848129104806427,0.0,-0.0856073087543955,-0.9432422182837988,-0.6385587060970838,-0.0115846102057828,-0.0350969351934671,0.0206528038377512,1,1,0,0.4913924852652209,0.3574285443340029,0.1511789833062461,0.7142857142857143,0.0,7,0.1484182986896485,0.8152302466332912,0.0363514659693464,0.0,0.0,16,11.6,-0.2680650537785262,-0.2978017034016987,0.3282143270380552,0.8724090559912878,-0.5553856654704655,-0.2415229457698239,-0.6996855102595497,0.5130613002832934,-0.1705189431865284,-0.6804967195526194,-0.5088963368027013,-0.643796306459214
ORCL,2020-Q1,2019-09-12,7488,442,16.941176470588236,8.896673518508049,22.03525641025641,60,50,3,54,0.906694245735028,0.1275283493196498,1.8880725472907127,-0.0003327378643212,-1.2849603596164587,2.590363983398435,1.062981537424099,-0.2890608062893002,0.5418443444341684,-0.0019343318035103,-0.0176995055675463,-0.0089525340760497,0,1,1,0.3078868178029855,0.5960042211744521,0.0961089457074801,0.2222222222222222,0.1111111111111111,9,0.1227798818921049,0.8442984024683634,0.0329217193648219,0.0,0.0,12,10.2,-0.4589010830278854,0.2126800142126562,0.722960960198809,-0.5652211058383467,1.0424268663844751,-0.2830507445717395,-0.6234180038883804,0.4570545457096391,0.6332783602182033,-0.4482507526759027,,1.9495092998659769
ORCL,2020-Q2,2019-12-12,7615,499,15.260521042084168,9.02770045409969,26.263952724885097,24,46,4,66,1.0267560335352015,0.8890547781141289,0.1151830364891084,0.2775059756360341,-0.377329358144621,-0.3488455794261503,0.6527079615762013,0.3468729675471601,1.5784161337864904,-0.0353076155898886,-0.0719758929092557,-0.0690863399664605,1,1,1,0.2352576833218336,0.6037641229728857,0.1609782118660708,0.1666666666666666,0.1666666666666666,12,0.1392754543572664,0.8308460414409637,0.0298785218968987,0.0,0.0,10,11.1,-1.0919458380108504,0.2954877188440188,2.1562976376898986,-0.981949403402454,1.9078378497980004,1.0513313369807462,-0.1420084076399451,0.0728717867078718,0.273560442198149,-0.4482507526759027,,0.7581425055034356
ORCL,2020-Q3,2020-03-12,6375,397,16.05793450881612,9.517846369496617,25.09803921568628,29,50,3,52,-0.1455007922302751,-0.4736767260444126,0.9563584178100528,1.316845787304674,-0.6275765187938466,0.0593779709661531,1.062981537424099,-0.2890608062893002,0.3690823795421147,0.118785172327377,0.1584840726258916,0.1630438134876966,0,0,0,0.330364091321826,0.5524310227483511,0.1172048937296494,0.25,0.125,8,0.1230917792767286,0.8293752610683441,0.0475329647772014,0.0,0.0,10,9.0,-0.2629863139883054,-0.2522996516177331,1.1890922707133564,-0.3568569570562931,1.2587796122378567,-0.7278447717559016,-0.6143155374950646,0.0308681220509568,2.360385074396722,-0.4482507526759027,,0.7581425055034356
ORCL,2021-Q3,2021-03-10,5666,414,13.68599033816425,8.493129979853123,28.591599011648427,16,30,3,36,-0.8157669934139229,-0.2465548086846557,-1.54575764300481,-0.8560347896218201,0.1222676271055984,-1.002003260053836,-0.9883863418153898,-0.2890608062893002,-1.0130133395943146,-0.0754465502391826,-0.078402054596134,-0.1015215041927795,1,1,1,0.2393707737326622,0.7077991738915443,0.0528300469741225,0.2,0.0,10,0.1114305636535088,0.8645732800165812,0.023996171541512,0.0,0.0,6,8.0,-1.0560956199138487,1.4056697793334916,-0.2333198271356257,-0.7319124248639893,-0.6883951004425775,0.1617432826124223,-0.9546384403101398,1.0360799211832972,-0.421756521360008,-0.4482507526759027,,-1.6245910832216466
ORCL,2021-Q4,2021-06-15,4844,316,15.329113924050631,9.354956876762646,38.39801816680429,18,49,2,26,-1.592859824687489,-1.555845861699725,0.1875402840792583,0.9714434706010324,2.227079459503234,-0.8387138398969146,0.9604131434621246,-0.9249945801257604,-1.876823164054583,-0.0502714657870689,-0.0469426427330922,-0.0362901262210863,1,1,1,0.5887831662382398,0.3942448887974024,0.0169719490887863,0.5714285714285714,0.0,7,0.1619450290288244,0.819570004940033,0.0184849490012441,0.1428571428571428,0.0,7,7.2,1.9894271442202516,-1.9403404280656205,-1.0256322722689604,2.054213907421754,-0.6883951004425775,-1.1726387989400635,0.5195843205183159,-0.2491578410064543,-1.0732047164990808,2.1814869963560595,,-1.028907686040376
ORCL,2022-Q1,2021-09-13,4983,317,15.719242902208205,8.936602861557272,27.69416014449127,21,39,1,33,-1.4614536159928109,-1.542485748913857,0.5990794737934396,0.0843362445370218,-0.0703551760358289,-0.5937797096615325,-0.0652707961576197,-1.5609283539622207,-1.2721562869323952,-0.0227281661967626,-0.0197710605890213,-0.0056333651021095,1,1,0,0.3907333475848039,0.5840915255248547,0.0251750902583201,0.3333333333333333,0.0,6,0.1322939763776958,0.842667244374752,0.0250387617852538,0.0,0.0,8,7.0,0.2631997862937829,0.0855568870985608,-0.8443775147357915,0.2682354892898672,-0.6883951004425775,-1.6174328261242257,-0.3457570500384264,0.4104706921024326,-0.2985182511590398,-0.4482507526759027,,-0.4332242888591054
ORCL,2022-Q2,2021-12-09,7980,539,14.805194805194803,8.150746658831597,24.43609022556391,40,51,3,53,1.3718155024097172,1.4234592895488511,-0.3651314263585413,-1.5820484219109356,-0.7696546866560354,0.9574697818292208,1.1655499313860735,-0.2890608062893002,0.4554633619881415,0.146720542070801,0.1316790633400441,0.1625660415667225,0,0,0,0.2431103403990467,0.6816898935164014,0.0751997681800276,0.0833333333333333,0.0833333333333333,12,0.1103739198297262,0.8640475928783417,0.0255784794688224,0.0,0.0,10,10.8,-1.0235010821849406,1.1270516171966103,0.2609564884201316,-1.6070418497486143,0.6097213746777114,1.0513313369807462,-0.985475713624534,1.02106694801604,-0.2347214967590053,-0.4482507526759027,,0.7581425055034356
ORCL,2022-Q3,2022-03-10,7068,483,14.633540372670808,8.229739037262604,24.052065647990947,25,30,3,50,0.5096395144273663,0.6752929735402401,-0.5462062247633948,-1.4145474367088962,-0.8520802348625997,-0.2672008693476896,-0.9883863418153898,-0.2890608062893002,0.196320414650061,0.0279794460167316,0.0499111462747287,0.0148920152708237,0,0,0,0.326581674543294,0.619012865153226,0.0544054545462131,0.3636363636363636,0.0,11,0.1837607678025961,0.7953206822276115,0.020918569760397,0.0,0.0,8,9.6,-0.2959543387336728,0.4582105691156926,-0.1985099766656956,0.4955418334157435,-0.6883951004425775,0.6065373097965844,1.1562585564154657,-0.9416884447129098,-0.7855411646066411,-0.4482507526759027,,-0.4332242888591054
ORCL,2022-Q4,2022-06-13,6391,441,14.492063492063492,8.866979436936067,31.91988734157409,26,28,4,57,-0.130374897704269,0.1141682365337817,-0.6954473323668111,-0.0632981532217144,0.8366385455437828,-0.1855561592692289,-1.1935231297393385,0.3468729675471601,0.8009872917722489,0.1071509207817482,0.095022183265415,0.0521672604357463,0,0,0,0.4810336042195559,0.4793166911229491,0.0396497052162885,0.4,0.0,10,0.1375312656164169,0.837586298584938,0.0248824422014877,0.0,0.0,8,9.0,1.0502682849701674,-1.0325195738309068,-0.5245496865452345,0.7683094463667959,-0.6883951004425775,0.1617432826124223,-0.1929111089124713,0.2653651773237769,-0.3169958411974139,-0.4482507526759027,,-0.4332242888591054
ORCL,2023-Q1,2022-09-12,6149,391,15.726342710997445,9.560053939718449,32.200357781753134,27,35,5,49,-0.3591540524101121,-0.553837402759621,0.6065689188740084,1.4063456825548932,0.8968376347104179,-0.1039114491907682,-0.4755443720055175,0.9828067413836205,0.1099394322040342,0.0299897448774319,-0.03800528940322,-0.0532479933944905,0,1,1,0.4818498454988003,0.479583740234375,0.0385664110071957,0.375,0.0,8,0.1382916789087984,0.8426394727494981,0.0190688511356711,0.0,0.0,9,8.6,1.0573827475658957,-1.0296698310744343,-0.5484859111143603,0.5807817124629476,-0.6883951004425775,-0.7278447717559016,-0.1707190778786617,0.4096775689034432,-1.004185186107947,-0.4482507526759027,,0.1624591083221651
ORCL,2023-Q2,2022-12-12,7259,518,14.013513513513514,8.8307056577727,27.552004408320705,25,28,7,49,0.6902048803315648,1.142896921045622,-1.2002600518430184,-0.1402156213059529,-0.1008669327536404,-0.2672008693476896,-1.1935231297393385,2.254674289056541,0.1099394322040342,-0.0164281092252131,0.0084747786049317,0.0334792238464452,1,0,0,0.3409298652639755,0.6388758340707192,0.0201942893461539,0.3076923076923077,0.0,13,0.2247810158878564,0.7403140924870968,0.0349049100186675,0.125,0.0,8,10.5,-0.170893687190595,0.6701728987876641,-0.9544321685565276,0.0758993519525873,-0.6883951004425775,1.4961253641649082,2.3534004628538407,-2.512608476278119,0.8676993008760624,1.852769777727065,,-0.4332242888591054
PFE,2020-Q4,2021-02-02,13631,732,18.62158469945356,10.458034135743294,30.00513535323894,62,174,17,170,-0.065355341863532,-0.2098814936182809,0.3251445543603898,-0.0206187145714082,0.5422228907540847,-1.0124468434695413,0.3453373412859208,-0.9438747029536456,-0.3518072351490318,-0.0050731518829383,-0.0181451333351021,-0.0233737216829283,1,1,1,0.5587303563952446,0.3824643563213093,0.0588052957651338,0.5714285714285714,0.0714285714285714,14,0.2312628066477676,0.7474009618163109,0.0213362256375451,0.0416666666666666,0.0,24,18.8,-1.1708682649473918,1.2534314502931525,-0.2910842490307286,-1.1495601464556895,0.3579263524694621,-0.4482201783423464,1.033530525921363,-0.7769190691427396,-0.6461486761232768,-0.1314775764263231,-0.3535533905932738,0.591119651377134
PFE,2021-Q1,2021-05-04,11704,575,20.35478260869565,11.44036335605492,30.416951469583047,88,150,29,159,-1.123672516409972,-1.459223465109091,1.844203306024212,2.078590396642442,0.7054007537549243,0.1773211985737614,-0.6747360360509531,0.1611493395286712,-0.646655203654887,0.0001882689539781,-0.0151380064039005,-0.0019204479902619,0,1,0,0.5953350609966687,0.3822922026738524,0.0223727342672646,0.5714285714285714,0.0,14,0.1506288151599858,0.797978528236088,0.0513926586626391,0.0,0.0,19,16.1,-0.4212151782117824,1.2503703680241949,-1.087242011481,-1.1495601464556895,-0.8590232459267093,-0.4482201783423464,-0.7964528376887275,0.3940584601157866,0.974559668680411,-0.934323952424406,-0.3535533905932738,-1.558406353630626
PFE,2021-Q2,2021-07-28,13501,747,18.07362784471218,10.413869782050352,24.81297681653211,107,178,29,156,-0.1367519338152898,-0.0905176109917704,-0.1551114229232719,-0.1149966601176926,-1.5151160543624882,1.0467670754515597,0.5153495708420666,0.1611493395286712,-0.7270682859746658,-0.0104175320378469,0.0237268227327545,0.0491240702846282,1,0,0,0.6369579860142299,0.2469659504879798,0.1160760872465159,0.8571428571428571,0.0714285714285714,14,0.1536687278877133,0.8220487301764281,0.0242825439199805,0.0434782608695652,0.0,23,18.6,0.4312095185078222,-1.155880078654942,0.9604496350811532,1.2300537135506568,0.3579263524694621,-0.4482201783423464,-0.7274622095934927,0.9513344935833046,-0.4872767759612051,-0.0965712122524924,-0.3535533905932738,0.161214450375582
PFE,2021-Q3,2021-11-02,14817,817,18.13586291309669,10.46925292489552,30.572990483903624,88,175,41,195,0.5860012585578886,0.4665138412652786,-0.1005655890137261,0.0033555131296389,0.7672295940820799,0.1773211985737614,0.3878403986749573,1.2661733820109882,0.3183017841824573,-0.0199665160503928,0.0645611596618372,0.0379751911088133,1,0,0,0.5761021259514725,0.2981394781347583,0.1257583966807407,0.5882352941176471,0.1176470588235294,17,0.1641053586887816,0.8136622707049052,0.0222323884178573,0.0,0.0,24,20.8,-0.8150997698403646,-0.2459581546436402,1.172036344814819,-1.0095828605729629,1.1453643279022798,0.5297147562227731,-0.4906035301990884,0.7571702368516737,-0.5978256267733476,-0.934323952424406,-0.3535533905932738,0.591119651377134
PFE,2021-Q4,2022-02-08,17222,948,18.166666666666668,10.308254687775264,28.568110556265243,111,209,28,223,1.9068382096654068,1.5089584162034704,-0.0735676846226313,-0.3406930596543372,-0.0271832741407525,1.229808312688991,1.832944349902196,0.0690640026551448,1.0688238858337251,-0.0190847635943436,0.0054454139110891,-0.0262108382596178,1,0,1,0.5885821059346199,0.367630616507747,0.0437872752716595,0.7272727272727273,0.0,22,0.1728597098588943,0.8028681671619415,0.0242721252143383,0.04,0.0,25,23.6,-0.5595136199551086,0.989671148978662,-0.6192718125984487,0.1484110499114089,-0.8590232459267093,2.159606313831305,-0.2919240811861462,0.5072639326931204,-0.4878385752659421,-0.1635914314662452,-0.3535533905932738,1.021024852378686
PFE,2022-Q2,2022-07-28,14365,885,16.231638418079097,9.861101866697204,25.68743473720849,100,149,43,154,0.3377608003871616,1.0076301091721265,-1.7695203395730603,-1.2962456958817967,-1.1686211768747428,0.7264449102860551,-0.7172390934399895,1.450344055758041,-0.7806770075211849,-0.0187193334882272,-0.0252084535343136,-0.0369032376509023,1,1,1,0.6879043197259307,0.2801924565574154,0.0319032304687425,0.8125,0.0,16,0.2754345986371239,0.6952527910470963,0.029312614351511,0.1666666666666666,0.0,24,23.0,1.4745747564109604,-0.5650760492833741,-0.8789728638051432,0.8582390479246655,-0.8590232459267093,0.2037364447010665,2.03600656598712,-1.9842594076610631,-0.2160444205940375,2.277061551567929,-0.3535533905932738,0.591119651377134
PFE,2022-Q3,2022-11-01,11480,615,18.666666666666668,10.695222891115368,27.17770034843205,56,132,16,155,-1.2466943363883851,-1.140919778105063,0.3646565780433918,0.4862467904540637,-0.5781188917725598,-1.2870086993256882,-1.4397910690536084,-1.035960039827172,-0.7538726467479253,0.0055168107732801,0.0132221007037185,0.0012593352203128,0,0,0,0.684805686896046,0.2718515967329343,0.0433427041474108,0.8333333333333334,0.0,12,0.1713009425684025,0.8070149876569447,0.0216840553636613,0.0526315789473684,0.0,19,15.5,1.4111157095240483,-0.7133857626919673,-0.6289869887205708,1.0317525585501286,-0.8590232459267093,-1.1001768013857594,-0.3273002067717409,0.6032715890761023,-0.6273929395654274,0.0797977856784366,-0.3535533905932738,-1.558406353630626
PFE,2022-Q4,2023-01-31,13280,748,17.754010695187166,10.095362000679128,31.852409638554214,61,160,15,253,-0.258126140133278,-0.0825600188166697,-0.435239402295304,-0.795638570000895,1.2741861585594574,-1.058207152778899,-0.2497054621605889,-1.1280453767006984,1.872954709031512,-0.0149304736346098,-0.0167057616535174,-0.0343353610688439,1,1,1,0.5988024972113115,0.2662396196808134,0.1349578823095985,0.7142857142857143,0.1428571428571428,14,0.1665204041030095,0.7614385071008102,0.0720410766080021,0.0434782608695652,0.0434782608695652,23,17.9,-0.3502031514881813,-0.8131729220220825,1.37307194573992,0.040246783547484,1.5748759508656336,-0.4482201783423464,-0.4357942264692888,-0.4519202355161746,2.0879673456028254,-0.0965712122524924,2.4748737341529163,0.161214450375582
PTON,2020-Q2,2020-02-05,9090,544,16.709558823529413,9.355741660809397,14.961496149614964,36,58,8,87,0.6440389386992579,1.0494450118184289,-0.6991053718360961,0.149446888249335,0.130428671286731,-0.4370374100610487,-0.7960164105043912,1.8973665961010275,-0.2276315351282792,-0.1165148379860621,-0.1308500347991234,-0.1470329039302637,1,1,1,0.4778902887233666,0.4233618532972676,0.0987478445417114,0.5714285714285714,0.1428571428571428,7,0.2542700959663642,0.7006388573270095,0.04509103837374,0.1052631578947368,0.0,19,13.1,0.3662490603447967,-0.2778562368618981,-0.0722776468401895,0.4830001245929701,0.8317824166479084,0.1064660161481514,1.396236817783782,-0.9572648607842804,-0.4331264166619388,1.41119756884451,-0.6105613155345372,0.9014913017684524
PTON,2021-Q2,2021-02-04,9542,533,17.902439024390244,9.612533345934043,14.462376860197024,32,65,2,114,1.0482399943672172,0.8541168370298888,0.8744869778684827,0.5341406606454193,0.0525117310194337,-0.7866673381098878,-0.0628434008292934,-0.4743416490252569,0.5810594449327132,-0.0625279283498832,-0.0725332038357246,-0.0818493972723948,1,1,1,0.6833648615413241,0.1945149890250629,0.1221201329802473,0.7777777777777778,0.1111111111111111,9,0.2427082942689166,0.7339349301422343,0.0233567806837313,0.0588235294117647,0.0,17,11.9,1.075543715045065,-0.914443014118698,0.1996834665502508,1.059536166469387,0.4120756926512578,0.5323300807407572,1.088315808622008,-0.1437942012264237,-1.143907361824032,0.3933423281216512,-0.6105613155345372,0.0819537547062226
PTON,2021-Q3,2021-05-06,8895,530,16.78301886792453,9.199788203084507,18.10005621135469,47,77,4,122,0.4696601646832135,0.8008455166330143,-0.6022002812949888,-0.08418343331376,0.6203856856531452,0.5244448920732585,1.194024615756588,0.3162277660168378,0.8206715871730074,-0.0069198369046556,0.0978945860852979,0.1583587606967666,1,0,0,0.5243285278027708,0.3289026562124491,0.1467688120054927,0.4545454545454545,0.1818181818181818,11,0.2010244950652122,0.7810055911540985,0.0179699103214911,0.0,0.0,14,11.4,0.5265530546589579,-0.5406148114472392,0.4864967244363173,0.1564307582154191,1.346877032461981,0.9581941453333628,-0.0218327523358387,1.0062093403815469,-1.3200755504113475,-0.8959409767939706,-0.6105613155345372,-1.1473525658871218
PTON,2021-Q4,2021-08-26,9597,520,18.45576923076923,10.118594148992296,26.049807231426488,43,74,7,126,1.0974237511409732,0.6232744486434325,1.6044145757866026,1.2922588189330402,1.861412206774324,0.1748149640244195,0.8798076116101178,1.50208188857998,0.9404776582931544,-0.094399791928691,-0.1337098649829985,-0.1302630291381035,1,1,1,0.6488835682923143,0.1475225524468855,0.2035938910293308,0.8181818181818182,0.0909090909090909,11,0.2422540364786982,0.6994738113135099,0.0582721558166667,0.0625,0.0625,16,14.0,0.9565148899536832,-1.0451625843950203,1.147716176714772,1.1724243425011331,0.1449895955624796,0.9581941453333628,1.0762177359475278,-0.9857286004654164,-0.0020609876970977,0.4739225346788778,1.3763773529375407,-0.3278150188248921
PTON,2022-Q1,2021-11-04,9431,546,17.272893772893774,9.529923281569015,17.81359346834906,56,82,1,125,0.9489782306965456,1.0849592254163452,0.0440200199687716,0.4103844055196348,0.5756663151363186,1.3111122301831464,1.7177196226673723,-0.8696263565463044,0.9105261405131176,-0.3569439096080465,-0.4185059017371715,-0.406242416581329,1,1,1,0.5362756089730696,0.1884562296962196,0.2752681573514234,0.6363636363636364,0.1818181818181818,11,0.170849754342011,0.7628965250083378,0.0662537215809736,0.0,0.0,14,12.0,0.5677941712465113,-0.9312967564130876,1.9817215126347285,0.6644275503582762,1.346877032461981,0.9581941453333628,-0.8254649939037082,0.5637789653845033,0.2589621831303757,-0.8959409767939706,-0.6105613155345372,-1.1473525658871218
PTON,2022-Q2,2022-02-08,8604,483,17.81366459627329,10.290927788611516,17.666201766620176,62,66,1,132,0.2094333788438857,-0.0337385029180201,0.7573798611325138,1.550427917763808,0.5526571654941608,1.8355571222564049,0.0418956005528633,-0.8696263565463044,1.120186764973375,0.0256108023580015,-0.0462524197009106,-0.0971284625189114,0,1,1,0.67099299214103,0.2259072630920193,0.1030997545881704,0.7272727272727273,0.0909090909090909,11,0.2239160870130245,0.6856918438122823,0.0903920722552217,0.0769230769230769,0.0769230769230769,13,12.2,1.0328362368693933,-0.8271186514161534,-0.0216386045948177,0.9184259464297044,0.1449895955624796,0.9581941453333628,0.5878301945252917,-1.3224417694762127,1.0483647912895342,0.7900448834803039,1.834901661046481,-1.5571213394182364
PTON,2022-Q3,2022-05-10,6790,411,16.52068126520681,8.522908613578071,12.960235640648012,31,53,1,48,-1.4127363445669066,-1.312250192443009,-0.9482639047657596,-1.098201323413086,-0.1819858132713055,-0.8740748201220975,-1.3197114174151752,-0.8696263565463044,-1.3957407285497128,-0.0275249557079731,0.2236424892250023,0.182298725003657,1,0,0,0.057059284299612,0.9118372201919556,0.0311035215854644,0.0,0.0,1,0.1950470281557904,0.740610369377666,0.0643425974477496,0.0,0.0,18,10.1,-1.086452253867777,1.0809430657623698,-0.8593903608605828,-1.1135612221417226,-1.0568978413370218,-1.1711261776296658,-0.1810283250627613,0.0192963226266468,0.1964622055783704,-0.8959409767939706,-0.6105613155345372,0.4917225282373375
PTON,2022-Q4,2022-08-25,7536,418,18.028708133971293,9.055841905274791,6.900212314225053,25,61,2,61,-0.7456257526901419,-1.1879504448503018,1.041055342987931,-0.299826102195312,-1.1280091098142406,-1.398519712195356,-0.4817994063579207,-0.4743416490252569,-1.006370997409235,-0.0024816044844995,-0.0791086355451487,-0.0112629140359263,1,1,1,0.0284057166427373,0.9459885358810424,0.0256057940423488,0.0,0.0,1,0.1678244322538375,0.8031681686639786,0.0290073958691209,0.0,0.0,20,12.0,-1.1853638714873442,1.1759422961985628,-0.9233621926165954,-1.1135612221417226,-1.0568978413370218,-1.1711261776296658,-0.9060372312424132,1.5476727929788918,-0.9591138593496034,-0.8959409767939706,-0.6105613155345372,1.3112600752995671
PTON,2023-Q1,2022-11-03,7017,422,16.627962085308056,8.610209686470387,4.70286447199658,38,55,4,82,-1.2097415666097675,-1.116922017654469,-0.8067440122740178,-0.9674175752988552,-1.4710345632465298,-0.2622224460366292,-1.1102334146508617,0.3162277660168378,-0.377389124028463,-0.0090397685216633,-0.0039258229050153,0.0025553318405747,1,0,0,0.0346063710749149,0.9407914876937866,0.0246020946651697,0.0,0.0,1,0.1765402446648007,0.7090192256789458,0.1144405330384248,0.1052631578947368,0.0526315789473684,19,11.5,-1.163959320140333,1.1614855887960167,-0.93504128860434,-1.1135612221417226,-1.0568978413370218,-1.1711261776296658,-0.6739123580194981,-0.7525204812167824,1.8348277075287407,1.41119756884451,1.0626501947577385,0.9014913017684524
PTON,2023-Q2,2023-02-01,7196,442,16.28054298642534,8.263356616073903,7.643135075041689,40,65,2,49,-1.0496707945642705,-0.7617798816753055,-1.2650432075734157,-1.4870302568902405,-1.0120322890320363,-0.0874074820122097,-0.0628434008292934,-0.4743416490252569,-1.365789210769676,0.0233404744878189,-0.0324796793941018,-0.0564806817628763,0,1,1,0.0561139062047004,0.9252023696899414,0.0186837203800678,0.0,0.0,2,0.1440082326945331,0.7817662159601847,0.0742255615380903,0.0,0.0,18,11.3,-1.0897156826229524,1.1181211038951453,-1.003907786819544,-1.1135612221417226,-1.0568978413370218,-0.9581941453333628,-1.540324896314387,1.0247924917975322,0.5196672884170004,-0.8959409767939706,-0.6105613155345372,0.4917225282373375
PYPL,2019-Q4,2020-01-29,8392,485,17.303092783505154,10.101149446829762,37.77407054337464,37,67,7,92,-0.4876099100983278,-0.5103979764160743,0.2729505028661299,0.8991771308933865,1.7109868407234792,-1.2983964469041545,-0.88958918310311,0.9192388155425116,0.1505115333881357,0.0006978275398029,0.0063685169947203,0.007125479704427,0,0,0,0.532374167571897,0.4113722628225451,0.0562535743229091,0.5652173913043478,0.0,23,,,,,,0,13.7,-1.7103721713713,2.1683931277613264,-0.8776427350517045,-1.6391255058907288,-1.0756302099600874,2.3569716504742626,,,,,,-2.3717082451262845
PYPL,2020-Q4,2021-02-03,7453,403,18.49379652605459,10.411621086353763,34.48275862068965,36,67,7,79,-1.9325509928039053,-2.08974265815638,1.747558735324266,1.7234995537251143,0.3177816749880411,-1.4511489700693492,-0.88958918310311,0.9192388155425116,-0.8278134336347465,0.0621951325189539,0.0974876381296541,0.1026230870953109,0,0,0,0.6788698941469192,0.2633315607905387,0.057798558101058,0.8,0.0,10,0.2297644120725718,0.7240723100575533,0.0461632656780156,0.0,0.0,11,12.0,-0.0210780560732205,0.4678007626585355,-0.8441131949870238,0.5105987940513123,-1.0756302099600874,-0.7458771045804627,-1.2512408813992448,1.133199110718689,-0.1362756801389908,-1.6512322469062295,-0.5797255687633339,-0.0527046276694729
PYPL,2021-Q1,2021-05-05,8400,526,15.96958174904943,9.35000396355714,34.04761904761905,42,70,6,76,-0.4752994429400268,0.2792743644540784,-1.3785151633724468,-1.0951630465852944,0.1335880417928879,-0.5346338310781813,-0.4151416187814513,0.3535533905932737,-1.05358073371695,0.0106886797226144,-0.0205059872915287,-0.0054040813343633,0,1,0,0.7410350780595433,0.1469851766120303,0.1119797457517548,0.7272727272727273,0.1818181818181818,11,0.2716227070643351,0.6844107990081494,0.0439665008766146,0.1538461538461538,0.0,13,14.6,0.6957706999636258,-0.8687085211093213,0.3317375341789779,-0.155309069903798,1.222695707665282,-0.5071964311147147,-0.5663355275638083,0.5737363156372085,-0.2137358489214021,-0.0086850824096756,-0.5797255687633339,0.3689323936863109
PYPL,2021-Q2,2021-07-28,9119,526,17.336501901140686,9.496938617916893,36.07851738129181,50,68,6,75,0.6311037929122736,0.2792743644540784,0.3143254966148143,-0.7050419699372916,0.9932628814988016,0.6873863542433759,-0.7314399949958904,0.3535533905932737,-1.128836500411018,-0.0664361921178762,-0.0997970213440478,-0.088029662642066,1,1,1,0.6968211369080977,0.1688958479260856,0.1342830092815513,0.7272727272727273,0.1818181818181818,11,0.3428900172313054,0.6327023575703303,0.0244076170027256,0.2,0.0,15,15.1,0.1859240829496964,-0.6170134140238163,0.8157673205573394,-0.155309069903798,1.222695707665282,-0.5071964311147147,0.5997741359189848,-0.1556597262855067,-0.9034020549261604,0.4840790669392913,-0.5797255687633339,0.7905694150420948
PYPL,2021-Q3,2021-11-08,8909,522,17.06704980842912,9.316534124254527,31.76563026153329,52,76,4,104,0.3079540300068729,0.2022331604667464,-0.0193731892688852,-1.1840276497033655,-0.8323728393415367,0.9928914005737652,0.533753509861866,-0.7778174593052023,1.05358073371695,-0.1013062733819926,-0.1083841639696134,-0.0703781604665201,1,1,1,0.7226256057620049,0.1664520490237257,0.1109223121946508,0.8181818181818182,0.0909090909090909,11,0.2347295092684882,0.7009557123695102,0.0643147653234856,0.0714285714285714,0.0714285714285714,14,13.8,0.4834845538414828,-0.6450861379312004,0.3087889043486138,0.6770757600400898,0.0735327488525974,-0.5071964311147147,-1.1699995969067538,0.8071178290646182,0.5037647216806704,-0.8886210633899726,1.2058291830277346,0.5797509043642028
PYPL,2021-Q4,2022-02-01,9040,512,17.65625,9.770150399545368,32.30088495575222,52,79,3,84,0.5095379297240514,0.0096301504984164,0.7103124764501496,0.0203531035819633,-0.6058006934959331,0.9928914005737652,1.0082010741835246,-1.3435028842544403,-0.4515346001644071,-0.2556186593229959,-0.2734386387834986,-0.3114897357898772,1,1,1,0.6254909069587787,0.2320856681714455,0.1424234418664127,0.75,0.0833333333333333,12,0.3672783970832824,0.5951676552112286,0.0375539315148041,0.2307692307692307,0.0,13,13.2,-0.6366100654067403,0.1088688898728777,0.9924325803214056,0.0527871375821736,-0.0222308310484599,-0.2685157576489666,0.9988284197897976,-0.685121890957371,-0.4398495888984698,0.8125884998386014,-0.5797255687633339,0.3689323936863109
PYPL,2022-Q2,2022-08-02,9639,585,16.476923076923075,9.759355049766825,30.60483452640316,50,70,7,103,1.4312841582018372,1.415632123267225,-0.7502063137278789,-0.0083092531421753,-1.3237351448709558,0.6873863542433759,-0.4151416187814513,0.9192388155425116,0.9783249670228822,0.0768320120678172,0.0502254160558268,0.046048954423885,0,0,0,0.6289168094683971,0.23108436273677,0.1399988359439053,0.6428571428571429,0.1428571428571428,14,0.3205802515149116,0.6524553757447463,0.0269643873549424,0.1538461538461538,0.0,13,13.5,-0.5971047700347316,0.0973665641342647,0.9398133084756016,-0.9282378405659792,0.7301972967455596,0.2088455892825295,0.2347311262842362,0.1229751130525201,-0.8132477230221385,-0.0086850824096756,-0.5797255687633339,0.3689323936863109
PYPL,2022-Q3,2022-11-03,8719,533,16.358348968105066,9.894124393371222,32.801926826470925,45,84,3,107,0.0155804349972246,0.4140964714319093,-0.897052544886142,0.3495121311676439,-0.3937107612947964,-0.0763762615825973,1.7989470147196225,-1.3435028842544403,1.2793480337991536,-0.032289938268367,0.0302084162823337,0.0700736696630481,1,0,0,0.819448680545275,0.1606600038134134,0.0198913094444343,0.9230769230769232,0.0,13,0.3767765868793834,0.5163976434956897,0.1068257712335749,0.2727272727272727,0.0909090909090909,11,12.0,1.599985726131186,-0.7116212713626656,-1.6667837178432106,1.6375197945907305,-1.0756302099600874,-0.0298350841832185,1.1542423238767845,-1.796246751230152,2.0027461742264903,1.2605559083376623,1.6927986607889358,-0.0527046276694729
ROKU,2020-Q4,2021-02-18,9687,563,17.206039076376555,9.480503996447602,13.832972024362547,40,70,1,47,0.3893554343983286,0.1060274850261193,0.3898793956242073,0.7197091529624349,0.4422886336346754,-0.5159430037306365,0.3694318748527594,-0.6123724356957946,-0.8560891490320897,0.0333778842012408,-0.0737031734446169,-0.1344907367984926,0,1,1,0.6172305323183537,0.280328369885683,0.1024410953745245,0.8,0.0,5,0.2198528708382086,0.7478908530690453,0.0322562789290466,0.0909090909090909,0.0,22,13.8,0.5225224855292129,-0.1360482040582754,-0.5494905704395683,0.8052006070670498,-0.7020086124500348,0.9354143466934856,0.9583062385444524,0.5658533499760438,-1.2010663641090908,0.6790840420863622,-1.4265233847587555,0.2204792759220491
ROKU,2021-Q1,2021-05-06,9142,493,18.543610547667345,9.999618597550228,12.688689564646683,23,72,8,64,-0.2585795633027068,-1.0358069691013196,1.923071930553865,1.8574974504404564,-0.1191152148068036,-1.4905020107773943,0.6058682747585254,2.2453655975512468,1.186509522342721,0.1082123080015062,0.1169528708083177,0.1104255073473647,0,0,0,0.705101365223527,0.2592053296975791,0.0356932976283133,0.75,0.0,4,0.2155679011983531,0.7630027475811186,0.0214293564093254,0.0476190476190476,0.0,21,13.1,1.0441375046589851,-0.7681999493869737,-0.9888567120599946,0.5830763016692427,-0.7020086124500348,-0.9354143466934856,0.8151218616105537,1.152808208440719,-1.5017536009799035,-0.2342703508095797,-1.4265233847587555,-0.2204792759220491
ROKU,2021-Q2,2021-08-04,9825,620,15.846774193548388,8.650627049124854,14.045801526717558,34,61,1,42,0.5534197090455633,1.0358069691013196,-1.1681792323256406,-1.0992038134712356,0.5467062978831133,-0.8599050062177275,-0.6945319247231877,-0.6123724356957946,-1.456853464142328,-0.046397672667837,-0.0609206032218386,-0.1325326452742778,1,1,1,0.5199442133307457,0.2495901337824762,0.2304656757041812,0.5,0.25,4,0.2303973416919293,0.7032641334378201,0.0663385044216461,0.1304347826086956,0.0869565217391304,23,12.7,-0.0549843328544176,-1.0559550653779397,0.2932288568872829,-0.5275452253197913,0.6351506493595552,-0.9354143466934856,1.310654940211932,-1.167474650954718,-0.2545286761270384,1.5130163138609167,1.2830699958588485,0.6614378277661475
ROKU,2021-Q3,2021-11-03,9818,567,17.31569664902998,9.095050568041668,9.981666327154208,62,73,1,51,0.5450976081576601,0.1712751681191158,0.51557448960561,-0.1251224104948868,-1.4472254645489482,0.7452510053886972,0.7240864747114084,-0.6123724356957946,-0.3754776969438989,-0.0820894583404366,-0.1253953691625912,-0.1221628294523808,1,1,1,0.6455475576221943,0.2529858411289751,0.101466589840129,0.75,0.0,4,0.1458284658906252,0.7681379009686087,0.0860336311566441,0.0,0.0434782608695652,23,13.7,0.6906167803847185,-0.9543313262476368,-0.5559052350591123,0.5830763016692427,-0.7020086124500348,-0.9354143466934856,-1.5152558146699462,1.3522605820223748,0.2924479210528146,-1.2389601829951151,-0.0717266944499535,0.6614378277661475
ROKU,2021-Q4,2022-02-17,10684,655,16.31145038167939,8.64494333139022,14.320479221265444,62,68,1,61,1.5746603751468282,1.6067241961650391,-0.6355437223035095,-1.111661308426875,0.6814677053405931,0.7452510053886972,0.1329954749469934,-0.6123724356957946,0.8260509332765777,-0.2163843564998701,-0.1475855747625042,-0.0368216772131807,1,1,1,0.6008630082011223,0.3082244329154491,0.0909125957638025,0.8,0.0,5,0.1901982297003269,0.7221513736248016,0.0876503935456275,0.04,0.08,25,15.0,0.4253623002521477,0.6988006044005306,-0.6253767054682409,0.8052006070670498,-0.7020086124500348,0.9354143466934856,-0.0326182420007908,-0.4338831491161366,0.3373489365107685,-0.3950207239592652,1.0663025254094411,1.5433549314543442
ROKU,2022-Q1,2022-04-28,8389,488,17.190573770491802,9.387214533590644,15.496483490284897,37,54,4,47,-1.1537998445300088,-1.1173665729675653,0.3721522744633284,0.5152385815487173,1.258434796643441,-0.6879240049741819,-1.5220593243933689,0.6123724356957946,-0.8560891490320897,0.0508156800757189,0.1611711987655517,0.1508084089113851,0,0,0,0.6005200035870075,0.3042118400335312,0.0952681405469775,0.75,0.0,4,0.192506805062294,0.7354800112937626,0.0720131820754001,0.1052631578947368,0.0526315789473684,19,13.0,0.4233261711699739,0.5787152582093861,-0.5967064126547644,0.5830763016692427,-0.7020086124500348,-0.9354143466934856,0.0445239439632983,0.0838089662080989,-0.0969305090826348,0.981933130257121,0.2134936614045309,-1.1023963796102458
ROKU,2022-Q2,2022-07-28,8069,497,16.235412474849095,9.025696851131984,13.260627091337216,70,58,2,60,-1.534238742262727,-0.9705592860083232,-0.7227022432694062,-0.2771309406322295,0.1614867692801455,1.2038670087048184,-1.0491865245818368,-0.2041241452319315,0.70589807025453,-0.2452938834552783,-0.1159727193946138,-0.0656206785524719,1,1,1,0.2272747354581952,0.3472891569137573,0.4254361206665635,0.2,0.4,5,0.1757447053160932,0.6974807919727432,0.1267745042116277,0.0555555555555555,0.0555555555555555,18,13.4,-1.7923161670016634,1.8678952629536143,1.5766181974442468,-1.860291057706632,1.4374462064453093,0.9354143466934856,-0.5155898981372395,-1.3921030301678696,1.4239107651152676,-0.0668220454453246,0.3046057195247125,-1.5433549314543442
ROKU,2022-Q3,2022-11-02,9262,569,16.27768014059754,8.933445263211222,9.825091772835242,64,79,2,61,-0.1159149766529375,0.2038990096656141,-0.6742528923484583,-0.4793267119263898,-1.5240435234262146,0.8599050062177275,1.4333956744287066,-0.2041241452319315,0.8260509332765777,-0.0353584431590418,-0.0862686633715674,-0.1123485274502947,1,1,1,0.3171732112765312,0.2771597262471914,0.4056670386344194,0.4,0.4,5,0.1592986479046799,0.7291701365084875,0.1115312196225637,0.0,0.0476190476190476,21,14.9,-1.258664742138955,-0.2308765804927074,1.4464885813501505,-0.9717938361154048,1.4374462064453093,0.9354143466934856,-1.0651430295222617,-0.1612702764085078,1.0005715276198168,-1.2389601829951151,0.0573015617699323,-0.2204792759220491
SBUX,2020-Q2,2020-04-28,13966,671,20.81371087928465,11.44770466341734,22.841185736789345,105,123,2,143,1.7197789689720664,1.335617970860027,-0.0172546458947985,-0.6285732792598554,-0.5641812393285501,2.345830221662008,2.2977929044424528,-0.3581459915128873,1.341707327890442,-0.0494347064896553,-0.0519801815191124,-0.0751897905501196,1,1,1,0.5257950382928054,0.1894410020361344,0.2847639506993194,0.6,0.2666666666666666,15,0.3293207076688607,0.6006121408815185,0.070067161694169,0.2916666666666667,0.0416666666666666,24,20.8,-1.4058222866423544,0.0084122592996683,1.9831620206736271,-1.2303190843396905,1.824971638086724,-0.2153874475853214,-0.5551327759377845,-0.0093752045057521,2.2094856977587685,0.0295361772537143,2.846049894151541,2.0858843496458386
SBUX,2021-Q1,2021-01-26,12052,522,23.088122605363985,12.378986160393016,25.8878194490541,64,101,3,103,0.1610816744306627,-0.668481502031656,1.5335208599316092,1.2131883476568257,0.0208334278451941,0.1499617493299912,1.0855280627701756,-0.0325587265011715,-0.5480213029411661,-0.0407044122275913,-0.0395212523166184,-0.02320188009255,1,1,1,0.6302113651431033,0.1987479173445276,0.171040702810777,0.6428571428571429,0.2142857142857142,14,0.3374105905182659,0.6360151633620262,0.0265742478892207,0.2,0.0,20,18.2,-0.5453971260598046,0.1729600544605231,0.6574943648603772,-0.9118515337473364,1.2759829046604527,-0.6461623427559643,-0.440455745287211,0.5054572582471297,-0.2046164246520878,-0.7844186864328443,-0.316227766016838,0.7615133339976872
SBUX,2021-Q2,2021-04-27,12397,618,20.05987055016181,11.295954082341208,25.08671452770832,56,78,0,108,0.4420380833213546,0.6227503731200325,-0.5312500251408498,-0.9286848974934026,-0.1329947553872327,-0.2785003916128412,-0.1818397262508414,-1.0093205215363186,-0.311805224087215,-0.031998325632674,-0.01376488461517,-0.0130130300408099,1,1,1,0.8154516509423654,0.1658467943469683,0.0187015542760491,0.8666666666666667,0.0,15,0.3954126536846161,0.5818633928894996,0.0227239481173455,0.3,0.0,20,18.0,0.9810442597179104,-0.4087372177476138,-1.1183174034119014,0.7512567860127307,-0.9698800957197448,-0.2153874475853214,0.3817445880603952,-0.2820204033042074,-0.418329787083658,0.1035320739524921,-0.316227766016838,0.7615133339976872
SBUX,2021-Q3,2021-07-27,10997,476,23.102941176470587,12.576161368100076,33.009002455215054,36,58,2,125,-0.6980748802930472,-1.28719677554184,1.5436246933052964,1.603134601838313,1.388243133009826,-1.3496557439699224,-1.2838986732256388,-0.3581459915128873,0.4913294440162183,-0.0283133263128265,-0.0353604196409969,-0.0596234399089638,1,1,1,0.8231900600859752,0.1618988221654525,0.0149111439688847,0.8461538461538461,0.0,13,0.4811154384579923,0.4908295679423544,0.0280550053964058,0.5,0.0,18,16.1,1.0448113173313236,-0.478538016003397,-1.1625020748820103,0.598827872908698,-0.9698800957197448,-1.0769372379266071,1.59661272141273,-1.6058386822988246,-0.1224260279152138,1.8794335947231653,-0.316227766016838,0.0993278261736115
SBUX,2021-Q4,2021-10-28,11408,511,22.32485322896282,12.293008059385128,32.608695652173914,49,78,1,138,-0.3633702888319621,-0.8164351543927869,1.0130964179987787,1.0431525768337824,1.31137621257704,-0.6534047649378196,-0.1818397262508414,-0.6837332565246029,1.105491249036491,-0.0650148471979019,-0.0232703940439894,-0.0279296051297518,1,1,1,0.8001586103346199,0.1552068289602175,0.0446345611126162,0.9375,0.0,16,0.331028155516833,0.6495995381847024,0.0193723186966963,0.25,0.0,16,18.5,0.8550245335157016,-0.5968535577984101,-0.8160173106910664,1.2776128765750925,-0.9698800957197448,0.2153874475853214,-0.5309290819114149,0.7030018929959622,-0.6043641313037351,-0.340443306240176,-0.316227766016838,-0.562857681650464
SBUX,2022-Q1,2022-02-01,9375,461,20.336225596529285,11.687038410586094,23.89333333333333,51,70,2,73,-2.01897718528059,-1.4889517560342913,-0.342821240719761,-0.1552516112217079,-0.3621478365168026,-0.5462892297021115,-0.6226633050407604,-0.3581459915128873,-1.965317776064872,-0.0201436519048385,-0.0286893132041061,-0.0344447553712883,1,1,1,0.744601072743535,0.1224662221502512,0.1329327239654958,0.8333333333333334,0.0833333333333333,12,0.3398561397833483,0.6036787778139114,0.0564650788104959,0.2142857142857142,0.0,14,13.5,0.3972119993521916,-1.1757128773787593,0.2132710778758471,0.5035598022186781,-0.0964889289052234,-1.50771213309725,-0.4057891953198081,0.0352199778728729,1.4544933487534537,-0.6575685778063686,-0.316227766016838,-1.2250431894745395
SBUX,2022-Q2,2022-05-03,12417,626,19.835463258785943,11.27529136889834,19.650479181766933,72,79,11,121,0.4583254113729889,0.7303530293826731,-0.6842589666636951,-0.9695487961648932,-1.176860776688475,0.5784238902728236,-0.1267367789021015,2.572139393592554,0.3023565809330575,0.0678922228415739,0.0415676666281555,0.0082944393680574,0,0,0,0.5162110507953912,0.3105467353016138,0.173242220422253,0.625,0.125,16,0.2978708843390147,0.6809604989571704,0.0211686194460425,0.1666666666666666,0.0,18,19.5,-1.4847975219358398,2.149581565117028,0.6831573734837093,-1.044546346494151,0.3402066545020377,0.2153874475853214,-1.0009454559343849,1.1590544991731804,-0.504659304192531,-1.080402273227957,-0.316227766016838,0.0993278261736115
SBUX,2022-Q3,2022-08-02,12498,618,20.223300970873787,12.006129409670615,18.00288046087374,66,73,5,127,0.5242890899821079,0.6227503731200325,-0.4198173014871046,0.4758030801008344,-1.4932327164654804,0.2570772845656993,-0.4573544629945408,0.6186158035222598,0.5858158755577988,0.0268682453083639,0.0108732920075817,0.0054363115283935,0,0,0,0.6197304047851099,0.2535850691298644,0.1266845256969746,0.6666666666666666,0.1111111111111111,18,0.361260646406342,0.6158040761947632,0.0229352740023066,0.2941176470588235,0.0,17,17.6,-0.6317637151854215,1.1424899276979903,0.1404360638793694,-0.7349251167515852,0.1946414600329506,1.0769372379266071,-0.1023725318453892,0.2115466525364398,-0.4066000080743034,0.0512996762827661,-0.316227766016838,-0.2317649277384262
SBUX,2022-Q4,2022-11-03,12397,643,19.279937791601867,11.43166473284661,31.6205533596838,49,73,3,115,0.4420380833213546,0.9590086739407846,-1.0630361588024706,-0.6602948679733821,1.1216331095468806,-0.6534047649378196,-0.4573544629945408,-0.0325587265011715,0.0188972863083163,0.0703967913551657,0.0656781593032641,0.0794574366085043,0,0,0,0.8242479244247078,0.1355380792170763,0.0402139991987496,0.95,0.0,20,0.3087263517081737,0.6731875658035278,0.0180860802531242,0.2,0.0,15,16.7,1.0535284702994947,-0.9446002919806592,-0.867547635919522,1.3704992454978615,-0.9698800957197448,1.9384870282678928,-0.8470652592253716,1.0460201298476055,-0.675757622447586,-0.7844186864328443,-0.316227766016838,-0.8939504355625019
SBUX,2023-Q1,2023-02-02,11035,571,19.32574430823117,11.263471180283744,25.19256909832352,64,80,2,93,-0.667128956994942,-0.0094152324229816,-1.031803632527024,-0.9929251543165136,-0.112668558592398,0.1499617493299912,-0.0716338315533616,-0.3581459915128873,-1.020453460649068,-0.0338051758325951,-0.0174399907502907,-0.0002828653414865,1,1,0,0.6643795525887981,0.1963745288085192,0.1392458990449085,0.6875,0.125,16,0.5028235246737798,0.4800176496307055,0.0171588210389018,0.4666666666666667,0.0,15,16.3,-0.2638399303932078,0.1309981543336316,0.2868635241315687,-0.5801145018803021,0.3402066545020377,0.2153874475853214,1.9043327359882412,-1.7630661205644105,-0.7272257408431081,1.5834500079280531,-0.316227766016838,-0.8939504355625019
SNAP,2019-Q2,2019-07-23,10736,486,22.090534979423868,12.15297347290537,15.089418777943369,31,69,4,78,0.4644448690753655,0.5586706224621505,-0.0836577730384363,-0.0590121150698355,0.0190300714985472,-0.481226360002457,0.1963315380186483,0.6770032003863299,1.5872624343892885,0.1827584407783913,0.1997392424395217,0.1393052092113826,0,0,0,0.7387283513943355,0.2405443077286084,0.0207273309429486,0.9333333333333332,0.0,15,0.3332923104365666,0.6527722259362538,0.0139354540035128,0.2666666666666666,0.0,15,16.8,0.5985102221570423,-0.4943232382737572,-0.5594736793990245,0.8510689902073956,-0.4281744192888376,0.3491212602240292,0.6732029044589907,-0.3839222665208711,-0.9642080329645014,0.6466847708558969,-0.2886751345948128,0.5937710859953548
SNAP,2019-Q3,2019-10-22,10538,493,21.375253549695746,12.014176005983206,17.935092047826913,26,48,2,59,0.3762125984330797,0.6346064352239962,-0.519444914717664,-0.2206490975626779,0.5690942330497367,-0.698320958499806,-0.7551213000717253,-0.135400640077266,0.5707011000051374,-0.0614809834160088,-0.0115190928920574,0.0316677608268921,1,1,0,0.7435834603384137,0.2327887987485155,0.0236277386429719,0.8125,0.0,16,0.3916951555472154,0.5886280983686447,0.0196767452244575,0.4615384615384615,0.0,13,15.1,0.6231582077634782,-0.5327550600238057,-0.4700158510287796,0.3652912698047182,-0.4281744192888376,0.5102541495581966,1.526302683130715,-1.3888948705030544,-0.707715388494811,2.0316420936538724,-0.2886751345948128,-0.8312795203934956
SNAP,2020-Q2,2020-07-21,11835,510,23.205882352941178,12.747363538099425,15.716096324461342,74,95,2,60,0.9541785328929012,0.8190219805027643,0.595870624713045,0.6331865157277232,0.1401658543154102,1.3857871870747445,1.3743207661305394,-0.135400640077266,0.624204328130619,-0.0679389173362993,-0.0919810742319793,-0.075088294129438,1,1,1,0.6542978004059371,0.3079337358255596,0.0377684685346834,0.8235294117647058,0.0,17,0.3490196554921567,0.5982643605675548,0.0527159856283105,0.25,0.0,16,17.0,0.1698807043696558,-0.1603801669540583,-0.0338706195592327,0.409632035358715,-0.4281744192888376,0.671387038892364,0.9029347704425432,-1.237919560963043,0.7683153189424085,0.5282344735113337,-0.2886751345948128,1.30629638918978
SNAP,2020-Q4,2021-02-04,11539,479,24.08977035490605,13.040153642313296,18.719126440766097,38,73,8,49,0.8222757444579689,0.4827348097003047,1.1343817756138093,0.9741560593249052,0.7206468464659062,-0.1772939221061684,0.3775606500358623,2.301810881313522,0.0356688187503209,0.0874720147985185,0.0664889474916136,0.0555228495506867,0,0,0,0.6042796911464797,0.3546814716731508,0.0410388246075146,0.6111111111111112,0.0,18,0.2729677888254324,0.7094499071439108,0.0175822980081041,0.2,0.0,15,16.9,-0.084046787533885,0.0712746033420685,0.0669975970954711,-0.4443382641997443,-0.4281744192888376,0.8325199282265313,-0.207967112813898,0.5040704310319115,-0.801284985394003,0.1728835814776427,-0.2886751345948128,0.5937710859953548
SNAP,2021-Q1,2021-04-22,10862,512,21.21484375,11.875328285731442,17.215982323697293,17,84,0,41,0.520592677665911,0.8407179270061488,-0.6171750181446678,-0.382344602712576,0.4300914558676415,-1.0890912357950342,0.8759407080832009,-0.947804480540862,-0.3923570062535321,0.0636539065151284,0.0479143218585344,0.0727785835784631,0,0,0,0.7708775633946061,0.1668438322376459,0.0622785976156592,0.875,0.0625,16,0.3325491726398468,0.633550858994325,0.0338999724015593,0.2666666666666666,0.0,15,13.7,0.7617224844910166,-0.859540214262424,0.7220999705894784,0.6165556079440343,2.140872096444188,0.5102541495581966,0.6623477707972119,-0.6850713805588927,-0.0722915768199649,0.6466847708558969,-0.2886751345948128,0.5937710859953548
SNAP,2021-Q2,2021-07-22,10596,453,23.39072847682119,12.68212772177804,15.288788221970554,26,80,2,60,0.4020584150858705,0.2006875051563064,0.708488624605442,0.5572159614051505,0.0575678710514202,-0.698320958499806,0.6947115960659869,-0.135400640077266,0.624204328130619,0.227920834861287,0.1665341560830091,0.1778545994099975,0,0,0,0.7067101178690791,0.2679182575084269,0.0253716213628649,0.8125,0.0,16,0.2040836553160961,0.7787934908500085,0.0171228591352701,0.0,0.0,13,12.7,0.4359628997047658,-0.3586737584996833,-0.4162289433975626,0.3652912698047182,-0.4281744192888376,0.5102541495581966,-1.2141687617142771,1.5905050670493803,-0.8218104537826237,-1.2485199866571215,-0.2886751345948128,-0.8312795203934956
SNAP,2021-Q3,2021-10-21,10545,407,25.90909090909091,13.935457658495393,15.931721194879088,83,62,6,62,0.3793319211325544,-0.2983192644215366,2.242807733782245,2.016784882447099,0.1818458021896704,1.7765574643699726,-0.1208194080114762,1.4894070408499258,0.7312107843815823,-0.2648405878653618,-0.2677731381672048,-0.2862899766737759,1,1,1,0.5676286909729242,0.3051203389186412,0.127250961435493,0.6875,0.0625,16,0.2249221893457266,0.7406785556903253,0.0343992533878638,0.0769230769230769,0.0,13,14.5,-0.2701133279852814,-0.1743217365810629,2.7260549908982106,-0.1372374064739138,2.140872096444188,0.5102541495581966,-0.9097769339730022,0.9933425973023988,-0.0499861588255777,-0.7018263066052893,-0.2886751345948128,-0.8312795203934956
SNAP,2021-Q4,2022-02-03,11165,514,21.72178988326848,12.313246016012553,21.58531124048365,51,70,0,60,0.655614788800318,0.8624138735095332,-0.308316718151644,0.1276337281055805,1.274675854431364,0.387152033986939,0.2416388160229518,-0.947804480540862,0.624204328130619,0.5834609980739106,0.5233433951959499,0.6518686200857463,0,0,0,0.7415046067908406,0.1992051723646,0.0592902194475755,0.9375,0.0,16,0.3268252882574285,0.6431478900568826,0.0300268178938754,0.1428571428571428,0.0,14,15.5,0.6126044688240119,-0.6991761093991363,0.6299288522795695,0.8678199460833503,-0.4281744192888376,0.5102541495581966,0.578738068384046,-0.5347107214748532,-0.2453250642158682,-0.2332317237037189,-0.2886751345948128,-0.1187542171990704
SNAP,2022-Q1,2022-04-21,10355,491,21.089613034623216,12.16631911297794,20.18348623853211,75,90,1,46,0.2946645907182397,0.6129104887206117,-0.6934721694984177,-0.043470412194409,1.0037052892225464,1.429206106774214,1.1477843761090218,-0.5416025603090641,-0.1248408656261239,0.0389961415553095,0.0253173233586697,0.0026645615719417,0,0,0,0.6938827764242887,0.2828935587313026,0.0232236580341123,0.75,0.0,16,0.2127637284306379,0.7423556974300971,0.0448805786525973,0.0769230769230769,0.0,13,14.1,0.3708421926430512,-0.2844648176386611,-0.4824789863855143,0.1140269316654022,-0.4281744192888376,0.5102541495581966,-1.0873775336698095,1.019619071320838,0.4182678856463406,-0.7018263066052893,-0.2886751345948128,-0.8312795203934956
SNAP,2022-Q2,2022-07-21,6470,300,21.566666666666663,11.402464150943398,3.554868624420402,28,44,1,18,-1.4365595074902464,-1.4590524023526066,-0.4028259565596471,-0.9330198676948304,-2.2105803079556634,-0.6114831191008665,-0.9363504120889392,-0.5416025603090641,-1.6229312531396098,-0.3815475797983729,-0.3911991254899857,-0.4268179476111963,1,1,1,0.0355679094791412,0.9401371479034424,0.0242948997765779,0.0,0.0,1,0.1901201938881593,0.7140158726012006,0.0958639249096021,0.0588235294117647,0.0588235294117647,17,8.3,-2.971232218428121,2.972454686969161,-0.4494384728260723,-2.9011451260063903,-0.4281744192888376,-1.9067391904543136,-1.4181352950414703,0.5756073022828099,2.695952957197429,-0.8304601136763086,3.1754264805429417,2.018821692384205
SNAP,2022-Q3,2022-10-20,5976,282,21.19148936170213,11.534944750370464,9.036144578313252,35,34,1,28,-1.6566945665674646,-1.654315920883067,-0.6314037422510166,-0.778739211101562,-1.1510582982724666,-0.3075506812045778,-1.3894231921319744,-0.5416025603090641,-1.0878989718847936,-0.3051169309631635,-0.1636793158896152,-0.153867446253915,1,1,1,0.5892624072730541,0.4002599474042654,0.0104776772204786,0.75,0.0,4,0.2564924542720501,0.7160801612413846,0.0274273737405355,0.0,0.0,13,8.5,-0.1602851996938057,0.2971351960424743,-0.8756057057868307,0.1140269316654022,-0.4281744192888376,-1.423340522451812,-0.4486249820393533,0.6079493670791544,-0.3614554396633131,-1.2485199866571215,-0.2886751345948128,-0.8312795203934956
SNAP,2022-Q4,2023-01-31,5708,287,19.88850174216028,10.579210837995053,9.635599159074982,21,27,1,19,-1.776120064204498,-1.6000760546246058,-1.425252466353067,-1.891741840674568,-1.0351846718641144,-0.915415556997155,-1.706574138162099,-0.5416025603090641,-1.5694280250141284,-0.1135692082161917,-0.0628841501398091,0.0348005341738613,1,1,0,0.6036972552537918,0.3852532381812731,0.0110494907324512,0.6666666666666666,0.0,3,0.3517299460677,0.6095836838850608,0.0386863659637478,0.3076923076923077,0.0,13,7.7,-0.0870036463119261,0.2227706152788868,-0.8579691524797143,-0.220992185853686,-0.4281744192888376,-1.5844734117859791,0.9425244220383086,-1.0605750360457755,0.1415409383744868,0.938254733550208,-0.2886751345948128,-0.8312795203934956
TSLA,2019-Q3,2019-10-23,9577,539,17.76808905380334,9.719591622227622,9.815182207371828,41,71,10,88,0.7964540381664688,-0.1842821432553515,0.8011025185376536,1.8572823963673115,-0.5234336327798035,-0.928069799082731,-1.016972064311688,-0.0417590394377337,1.7681307198222374,0.1750583995046705,0.2753474955937723,0.2226798104136383,0,0,0,,,,,,0,0.2474721843520036,0.730257304958426,0.0222705147372415,0.1538461538461538,0.0,26,14.1,,,,,,,0.6687083097664114,0.136360975372119,-1.6430026705326877,0.5822594986394817,-0.5159921571086667,0.6212607441973969
TSLA,2019-Q4,2020-01-29,9802,520,18.85,9.725293035583082,11.018159559273618,31,83,6,76,1.37066656234523,-0.921410716276758,2.0302829744563176,1.87160936927197,-0.1275153713313181,-1.5142191458718242,-0.0070136004435284,-0.7099036704414745,0.5138902092094191,0.0997170357100219,0.3501903930376229,0.2454611666127693,0,0,0,,,,,,0,0.2226594727900293,0.7528041316955177,0.0245363860977468,0.1111111111111111,0.0,27,14.1,,,,,,,-0.0355701014068144,0.7580487039776732,-1.512399621293253,-0.2771411357330787,-0.5159921571086667,1.5531518604934906
TSLA,2020-Q1,2020-04-29,9163,531,17.25612052730697,8.923066350540239,8.403361344537815,59,72,13,80,-0.2600970063224522,-0.494652068738049,0.21944493477158,-0.1442907704706357,-0.988085490610936,0.1269990251376367,-0.9328088589893414,0.4593494338150717,0.931970379413692,-0.013961970704556,-0.0162413812265123,0.0081600608378829,1,1,0,,,,,,0,0.2572115945070982,0.6803466333448887,0.0624417750909924,0.12,0.04,25,13.2,,,,,,,0.945149531946508,-1.2398349935955335,0.6724372901988386,-0.0983858037835859,1.0623367940472552,-0.3106303720986968
TSLA,2020-Q2,2020-07-22,9440,589,16.027164685908318,8.81539736437869,11.758474576271189,51,72,17,75,0.4468224123331785,1.7555298910115071,-1.1767961391769526,-0.4148501127311342,0.116133633357352,-0.3419204522936378,-0.9328088589893414,1.1274940648188123,0.4093701666583509,-0.0378449019548459,-0.0219789944430851,-0.0532200177621777,1,1,1,,,,,,0,0.1730278402280349,0.760400391685275,0.0665717645405003,0.0384615384615384,0.0769230769230769,26,13.9,,,,,,,-1.4443031710428949,0.9675017535795684,0.9104866450007548,-1.738122214166434,2.5192558258834903,0.6212607441973969
TSLA,2020-Q4,2021-01-27,9330,573,16.282722513089006,8.466888847218524,16.184351554126472,46,73,9,84,0.1660962894013395,1.1347900400461124,-0.8864518297568298,-1.2906105200368907,1.572757497212435,-0.6349951256881844,-0.8486456536669947,-0.2087951971886689,1.350050549617965,-0.0418465610553333,-0.0330387434443182,-0.0308298293056885,1,1,1,,,,,,0,0.2318834347220567,0.7372211882701287,0.0308953612469709,0.1538461538461538,0.0,26,13.9,,,,,,,0.2262407546128926,0.3283773885378958,-1.1458732778289658,0.5822594986394817,-0.5159921571086667,0.6212607441973969
TSLA,2021-Q1,2021-04-26,9013,520,17.33269230769231,8.846880866016779,9.430822145789415,66,111,5,61,-0.6429053557749599,-0.921410716276758,0.3064396511624496,-0.335735821801731,-0.6499324127538135,0.537303567890002,2.349556148582177,-0.8769398281924097,-1.0539104290566037,-0.0451110004474567,-0.0887712399360084,-0.0736156121848414,1,1,1,,,,,,0,0.2031009843945503,0.7185432547330857,0.0783557578548789,0.08,0.0,25,12.9,,,,,,,-0.5907138267394235,-0.1866326486212217,1.5897067833989682,-0.9027847975563033,-0.5159921571086667,-0.3106303720986968
TSLA,2021-Q2,2021-07-26,8539,513,16.64522417153996,8.863551712876852,11.008314790959128,82,81,8,64,-1.852579740044884,-1.1929844010741182,-0.4746065153412533,-0.2938439686118134,-0.1307554352853686,1.4751425227525512,-0.1753400110882217,-0.3758313549396042,-0.7403503014033992,-0.0149673175828754,0.0308412214545001,0.0869265994035022,1,0,0,,,,,,0,0.1668078314674937,0.7819328972178957,0.0512592813971897,0.0869565217391304,0.0,23,12.7,,,,,,,-1.6208504974572655,1.5612214202916663,0.0278871184778406,-0.7628893203784399,-0.5159921571086667,-2.1744126046908843
TSLA,2021-Q3,2021-10-20,9683,556,17.415467625899282,9.05225272360088,8.468449860580398,62,86,25,61,1.0669719384462408,0.4752539483953804,0.4004823297490156,0.1803392030285357,-0.9666638636192878,0.3028438291743647,0.2454760155235114,2.463783326826294,-1.0539104290566037,0.0299627450687063,0.1767738488367221,0.1953476730579021,0,0,0,,,,,,0,0.2608016919917785,0.6893336094486026,0.0498647123145369,0.1538461538461538,0.0,26,12.5,,,,,,,1.0470500495966015,-0.9920354772334826,-0.0524947503891015,0.5822594986394817,-0.5159921571086667,0.6212607441973969
TSLA,2021-Q4,2022-01-26,9127,526,17.35171102661597,8.947923661496493,12.271283006464335,58,75,6,71,-0.3519710101910541,-0.6886332721647349,0.3280471944447829,-0.0818273077554048,0.2849067377031886,0.0683840904587274,-0.6803192430223015,-0.7099036704414745,-0.0087100035459218,-0.1106036419712058,-0.038878187306881,-0.0891793913168323,1,1,1,,,,,,0,0.1761903765797615,0.7753979624062777,0.0484116594493389,0.08,0.0,25,13.7,,,,,,,-1.3545384522007615,1.3810324816444082,-0.1362475786426153,-0.9027847975563033,-0.5159921571086667,-0.3106303720986968
TSLA,2022-Q2,2022-07-20,9670,572,16.905594405594407,9.080213105955847,7.238883143743537,88,92,10,59,1.0337952148270235,1.0959937993607751,-0.1787947351501345,0.2506003146912934,-1.3713330920926057,1.826832130826007,0.7504552474575912,-0.0417590394377337,-1.26295051415874,0.0876215289420204,0.0825524202314659,0.0945011878474763,0,0,0,,,,,,0,0.2474980709644464,0.6900757324810212,0.0624262013544256,0.1923076923076923,0.0,26,14.2,,,,,,,0.6694430695380845,-0.971572784733558,0.6715396322297551,1.3557200695747873,-0.5159921571086667,0.6212607441973969
TSLA,2022-Q3,2022-10-19,8733,564,15.48404255319149,8.4426116727401,15.229588915607463,37,93,11,66,-1.3574809414196407,0.7856238738780779,-1.793847952044957,-1.3516161688592023,1.2585304975595983,-1.1625295377983684,0.8346184527799377,0.1252771183132013,-0.5313102163012628,-0.0580891696890615,-0.0767359910753985,-0.0249794936634071,1,1,1,,,,,,0,0.2560752828915913,0.6936443971159557,0.0502803241057942,0.2083333333333333,0.0,24,12.5,,,,,,,0.912896719223158,-0.8731733497745966,-0.0285392124957403,1.677995307464497,-0.5159921571086667,-1.2425214883947904
TSLA,2022-Q4,2023-01-25,9102,522,17.436781609195403,8.882170723005572,16.040430674577017,61,88,3,68,-0.415772401766472,-0.8438182349060835,0.4246975683483363,-0.2470566130922802,1.5253909326405617,0.2442288944954553,0.4138024261682046,-1.21101214369428,-0.3222701311991264,0.0986824472642739,0.1533161676883462,0.229938868802977,0,0,0,,,,,,0,0.2442231205105781,0.6937851092219353,0.061991775073111,0.12,0.04,25,13.8,,,,,,,0.5764876141635056,-0.8692934694449262,0.6464996418762065,-0.0983858037835859,1.0623367940472552,-0.3106303720986968
UNH,2020-Q4,2021-01-20,8771,503,17.43737574552684,10.30350175181675,16.98780070687493,32,68,4,82,-0.2332587232771605,0.0025246911105117,-0.5209464222607892,0.3313688648082468,0.7600877575478997,0.6694386813952032,-0.66323316744474,-0.5443310539518171,1.098159117773044,0.0109455596419255,-0.0099388716712694,-0.0261832906114399,0,1,1,0.7305292561650276,0.2563152662478387,0.0131554821273311,0.75,0.0,8,0.2704003941925132,0.7068361780222725,0.0227634287713205,0.1764705882352941,0.0,17,14.6,0.1632711999195013,-0.1465400068074425,-0.1806033485878573,-0.3124506310209606,,1.414213562373095,1.5134250359646235,-1.4890339569973845,-0.1807518663090718,2.1217547981049014,,-0.3689323936863112
UNH,2021-Q1,2021-04-15,9424,506,18.62450592885376,10.457838248707812,11.6723259762309,24,71,6,64,0.5619045694721888,0.0706913510943447,1.0527161997206445,0.768658933080149,-0.992371785710376,-0.7911548052852397,-0.3998905862534462,0.2721655269759088,-0.0958125404768426,-0.000778303844919,0.0256144844263661,0.0253995515503112,0,0,0,0.6839143314531871,0.3031246044806072,0.0129610600748232,0.7142857142857143,0.0,7,0.2192381098866462,0.7608697205781937,0.0198921659495681,0.05,0.0,20,15.2,-0.4577749134124321,0.4650184323547287,-0.2144118417264716,-0.5845850515876041,,0.0,0.2057870331646772,-0.1154912937071137,-0.9954674694492692,0.0127159962215192,,1.0540925533894594
UNH,2021-Q2,2021-07-15,9187,519,17.70134874759152,9.693697107763793,13.497333188200718,31,91,2,47,0.2733077848143085,0.3660802110242878,-0.1710231767770871,-1.3964241057595796,-0.3906849247619876,0.4868644955601479,1.3557266216885124,-1.3608276348795432,-1.223452439935069,0.0070104908327028,-0.0083674310375417,-0.0118223534031519,0,1,1,0.6749412069718043,0.3135338869566719,0.0115248939643303,0.6666666666666666,0.0,6,0.1598657740181998,0.8132258245819494,0.0269084043408695,0.0,0.0,19,12.8,-0.5773229791457862,0.601014470414585,-0.4641500348284944,-0.9474309456764626,,-1.414213562373095,-1.3116886571785664,1.215410570785583,0.9953774122657996,-0.8210900417323762,,0.5797509043642025
UNH,2021-Q3,2021-10-14,7974,483,16.509316770186334,9.866020692311228,21.193880110358663,18,69,6,61,-1.2037719611350952,-0.4519197087817082,-1.751183628760626,-0.9081702347079648,2.1467906136151087,-1.886599920295572,-0.5754523070476422,0.2721655269759088,-0.2948078168518238,0.0107253192647904,-0.0088323056813129,0.0270834389003317,0,1,0,0.7088903933763504,0.2794031842301289,0.0117064299217114,0.6666666666666666,0.0,6,0.164818012388423,0.8129045069217682,0.0222774740541353,0.0,0.0,16,10.9,-0.1250212668152452,0.1551008968631268,-0.4325823340951562,-0.9474309456764626,,-1.414213562373095,-1.1851162185221216,1.207242616328947,-0.3186406334086745,-0.8210900417323762,,-0.8432740427115681
UNH,2021-Q4,2022-01-19,7940,461,17.2234273318872,10.264319151375254,15.239294710327457,27,65,5,47,-1.2451740315079558,-0.9518085486631502,-0.8045569531912502,0.2203506522189946,0.183622592088881,-0.2434322477800736,-0.926575748636034,-0.1360827634879542,-1.223452439935069,0.0121057594901293,0.0258236547790066,0.0318211719871061,0,0,0,0.6220622488430568,0.359607351145574,0.0183303801875029,0.7142857142857143,0.0,7,0.2523052220543225,0.7198448717594147,0.027849905192852,0.0666666666666666,0.0,15,10.7,-1.2818242011451648,1.202958802676782,0.7192714511251918,-0.5845850515876041,,0.0,1.0509371882046374,-1.158350551904158,1.262526566522525,0.2906513422061498,,-1.317615691736825
UNH,2022-Q1,2022-04-14,10196,580,17.579310344827586,9.99712025645469,12.553942722636329,36,95,5,79,1.5019751085265498,1.7521356306955589,-0.3327975765633929,-0.5367186434801554,-0.7017114479182507,1.3997354247354248,1.706850063276904,-0.1360827634879542,0.899163841398063,-0.0017950458712842,0.0051158276369821,0.0008866318470882,0,0,0,0.8071379661560059,0.1648030520549842,0.0280589956258024,1.0,0.0,7,0.2433479931205511,0.7309173174202442,0.0257346833124756,0.1,0.0,20,12.2,1.183921600652323,-1.34213620596239,2.411002528188071,1.5924903129455446,,0.0,0.8220026691054672,-0.8768869316654365,0.6623362053369789,0.8465220341754147,,1.0540925533894594
UNH,2022-Q2,2022-07-15,9024,492,18.341463414634145,10.253655623075003,11.63563829787234,33,81,11,50,0.0748213886150069,-0.2474197288302092,0.6775143631278093,0.1901370921579118,-1.004467351077058,0.8520128672302586,0.477918017717533,2.313406979295224,-1.024457163560088,-0.0113375885864672,-0.0444358918550638,-0.0416047545341825,1,1,1,0.8612855672836304,0.1274045280047825,0.0113099069733704,1.0,0.0,7,0.2052440543969472,0.772061675786972,0.0226942773184014,0.0,0.0,18,11.9,1.9053248300780536,-1.8307434766180417,-0.5015346119122269,1.5924903129455446,,0.0,-0.1518818829107363,0.1690102813836028,-0.2003734652954784,-0.8210900417323762,,0.1054092553389456
UNH,2022-Q3,2022-10-14,8201,433,18.93995381062356,10.87243065559326,15.48591635166443,29,63,4,83,-0.9273522559986448,-1.5880307085122582,1.470874669361421,1.943346356754908,0.2649313125392626,0.1217161238900371,-1.1021374694302295,-0.5443310539518171,1.1644908765647046,-0.0086447655318517,-0.0163825033434818,-0.0064387780797251,1,1,1,0.6538146063685417,0.3349899598397314,0.0111954496242105,0.75,0.0,8,0.1777316952745119,0.7966665387153625,0.0256017504259943,0.0,0.0,15,11.0,-0.8587906265501287,0.881335511862848,-0.5214378608174878,-0.3124506310209606,,1.414213562373095,-0.8550601483708383,0.794470455896074,0.6246167405891713,-0.8210900417323762,,-1.317615691736825
UNH,2022-Q4,2023-01-13,9946,549,18.116575591985427,9.970356834815345,13.874924592801126,25,77,5,76,1.1975481204908112,1.0477468108626178,0.3794025253432754,-0.6125489150724898,-0.2661967663234831,-0.6085806194501844,0.1267945761291413,-0.1360827634879542,0.7001685650230819,-0.0073399048040399,0.0141004101501773,-0.0130254335004959,1,0,1,0.7218933871814183,0.2686025255492755,0.0095040801513407,0.8571428571428571,0.0,7,0.2077276326715946,0.7753904685378075,0.0168819051701575,0.05,0.0,20,12.6,0.0482163564188729,0.013991575215804,-0.8155539473455667,0.5039526306789698,,0.0,-0.0884050194571464,0.2536288098798949,-1.8496234902519797,0.0127159962215192,,1.0540925533894594
UPS,2020-Q4,2021-02-02,9779,732,13.359289617486338,8.018174692357928,32.109622660803765,40,58,6,114,0.7508351822705396,1.4088023247705488,-0.8893596979478949,-1.1215852877186188,0.0385071899927518,0.1443375672974064,0.1847652567558095,-0.8442212371213508,-0.3291703981385652,-0.0044044515989215,0.0093714277265109,0.0185604262296542,1,0,0,0.7614866979420185,0.1853823707335525,0.0531309339114361,0.8888888888888888,0.0,9,0.2423519020279248,0.7259223643276427,0.031725741457194,0.1666666666666666,0.0,18,12.4,1.150509814209746,0.1293719873928732,-1.105052228983129,1.4736423491374535,-1.3337882790570676,-0.7770928126270501,0.1566096500681913,1.04121274237095,-1.03428410906976,0.8726156379627796,-0.7230581472613226,1.2549900398011131
UPS,2021-Q1,2021-04-27,8250,618,13.349514563106796,8.421741001968293,29.57575757575757,26,35,12,85,-2.0105045500004284,-0.8855328898557735,-0.899920998339825,-0.0421249807213631,-0.3243147629932109,-1.2028130608117205,-2.0816885594487875,0.6566165177610506,-1.7433839605116603,0.0221286587700582,0.0506481073608521,0.1085015691838684,0,0,0,0.7120054522529244,0.2600819356739521,0.0279126145178452,0.75,0.0,8,0.2274688591559727,0.7195688436428705,0.0529622983187437,0.0666666666666666,0.0666666666666666,15,12.0,0.4130828448513085,2.119466663905624,-1.4446722455592296,-0.3028032224255044,-1.3337882790570676,-1.6651988842008216,-0.2157712003102941,0.7875267377122928,-0.355026594724949,-0.4097875328208828,1.328277613417474,-1.2549900398011131
UPS,2021-Q2,2021-07-27,10014,697,14.36728837876614,8.398245061195947,29.958058717795087,30,67,9,116,1.175239915484194,0.7044011623852744,0.1997163623193149,-0.1049719895903471,-0.2695733926647722,-0.8179128813519699,1.0716384891836954,-0.09380235968015,-0.2316384283197311,-0.0157281440470864,-0.0184830770689585,-0.0102028559143177,1,1,1,0.6626663729548454,0.1452970458194613,0.1920365904457867,0.8,0.1,10,0.1916383906371063,0.7327298521995544,0.0756317606816689,0.0,0.0,18,13.5,-0.3222253958977163,-0.9385538001463928,0.7656172886176199,0.3367171833371613,0.0434741942326294,0.1110132589467214,-1.1122666583499825,1.3130249368486793,0.3700628233272643,-1.2647229800099902,-0.7230581472613226,1.2549900398011131
UPS,2021-Q3,2021-10-26,9267,663,13.97737556561086,8.221944142416895,29.459371965037228,35,50,9,106,-0.1738253428587839,0.0201257474967221,-0.2215586696655547,-0.5765421860541553,-0.3409799180680519,-0.3367876570272817,-0.6035665054023112,-0.09380235968015,-0.7192982774139018,-0.022441904796753,-0.0283099984408681,-0.0539779766674595,1,1,1,0.7592084738943312,0.1514526226868232,0.0893389138703544,0.7777777777777778,0.1111111111111111,9,0.2656912891303791,0.6831171950873207,0.0511915282181957,0.1176470588235294,0.0,17,14.1,1.1165570745078868,-0.7745611348025455,-0.6174323141937175,0.0524858918870874,0.1965033579314844,-0.7770928126270501,0.7405722772876226,-0.6679297790882973,-0.4116651969624012,0.2439866326766712,-0.7230581472613226,0.4183300132670377
UPS,2021-Q4,2022-02-01,9351,714,13.096638655462185,8.243875644736033,48.65789755106405,32,61,10,145,-0.0221232254547543,1.0465388698295506,-1.1731367083317956,-0.5178797415870133,2.40804037850636,-0.6254627916220946,0.4803896675651048,0.1563372661335834,1.182575134053364,-0.0035586435275027,-0.0161927886335738,-0.0193606159729322,1,1,1,0.73696565289389,0.151830545541915,0.1112038162960247,0.8181818181818182,0.0909090909090909,11,0.2837547673843801,0.6833648150786757,0.0328804156160913,0.25,0.0,16,15.4,0.7850687327753598,-0.7644927727893158,-0.3229734167412494,0.5692700581599487,-0.0817314851573432,0.999119330520493,1.1925291419483173,-0.6580427055432269,-0.9973515166460404,1.941284946949166,-0.7230581472613226,-0.4183300132670377
UPS,2022-Q1,2022-04-26,9090,626,14.52076677316294,8.439450564096898,30.473047304730475,58,65,2,120,-0.4934833759601321,-0.7245269098819965,0.3655396267185512,0.005244606176482,-0.1958326217057799,1.876388374866284,0.8745555486441652,-1.844779740376285,-0.0365744886820628,0.0154889320724459,-0.0069182360135525,-0.0276055338796207,0,1,1,0.5934894535690546,0.1807957390323281,0.2257148102857172,0.7,0.2,10,0.1931279879063367,0.6862381435930729,0.1206338664633221,0.0625,0.0625,16,13.4,-1.3531801607139993,0.0071780852059718,1.219168431410966,-0.94232362818817,1.4207366675223263,0.1110132589467214,-1.074996222283253,-0.5433152548816966,1.8094684064834288,-0.4632209982702012,1.2000691283750513,-0.4183300132670377
UPS,2022-Q2,2022-07-26,9837,656,14.995426829268292,8.473086956589615,27.44739249771272,48,59,12,145,0.8555818823828457,-0.1207544849803327,0.8783784552237555,0.0952153240035577,-0.6290735202138146,0.9141379262169076,0.2833067270255746,0.6566165177610506,1.182575134053364,-0.0129108063851429,0.0196169816080621,0.0221790105509108,1,0,0,0.6087908240204508,0.2014976348727941,0.1897115463560277,0.6363636363636364,0.1818181818181818,11,0.1975219692377483,0.7062254219370729,0.096252597101471,0.0588235294117647,0.0588235294117647,17,13.8,-1.1251413738592284,0.5587038235245817,0.7343054672396736,-1.7562586900679251,1.170325308742381,0.999119330520493,-0.9650567079772224,0.2547450708275798,1.0296263383331334,-0.5103681736666594,1.0869439945140875,0.4183300132670377
UPS,2022-Q3,2022-10-25,9318,590,15.793220338983051,9.28340048970735,27.04443013522215,39,54,15,135,-0.0817204858634802,-1.449053819763993,1.7403416300234509,2.262644255491439,-0.6867733528534831,0.0481125224324688,-0.2094006243232508,1.4070353952022512,0.6949152849591933,0.0194501839983789,-0.0096338248809757,0.0034345019419006,0,1,0,0.6396882852370088,0.1678725431927225,0.1924391783435236,0.8181818181818182,0.0909090909090909,11,0.2871859798828761,0.6615963811675708,0.0512176354105273,0.0666666666666666,0.0,15,13.6,-0.6646715358733573,-0.3371128522907955,0.7710390182090648,0.5692700581599487,-0.0817314851573432,0.999119330520493,1.2783797196166211,-1.5272217482462722,-0.4108301507406762,-0.4097875328208828,-0.7230581472613226,-1.2549900398011131
V,2020-Q2,2020-04-30,10300,507,20.3155818540434,11.01189081885856,22.233009708737864,100,96,6,81,0.8249446669149936,-1.6351184251511932,2.2072609897955986,2.1806189462563075,-1.4190751131070858,1.872430740853685,0.7133633679656537,-0.1032537456883155,0.8591777827227568,0.0088483443379541,0.0132023549154759,0.0320210107663928,0,0,0,0.5344920260210831,0.1726243712007999,0.2928836113462845,0.6666666666666666,0.2666666666666666,15,0.1599416758578557,0.7514963700221136,0.0885619544065915,0.0,0.0,13,14.0,-1.6974337814280662,0.5915718386135509,1.851621626030048,-1.1600838707443413,1.377060745318193,0.7647191129018722,-1.5356006497428512,0.8053429705328673,1.6901001322698592,-1.3883302192382196,-0.5020465201816934,-0.1197368680178495
V,2021-Q1,2021-01-28,10176,563,18.074600355239788,10.092179207437969,19.45754716981132,67,89,9,66,0.5333265965072856,-0.1918615314976008,0.449285203180664,0.1435572654555247,-1.745174079699782,0.4391525706641377,0.3156475079494043,0.593709037707814,-0.2779692826455983,-0.0050536807445698,0.0117666383903275,0.0329778581925127,1,0,0,0.5347551763057709,0.2044457762191693,0.2607990657600263,0.5333333333333333,0.3333333333333333,15,0.2334372636217337,0.7435639042120713,0.0229988360347656,0.0769230769230769,0.0,13,13.9,-1.6953507614150594,1.4521416547977606,1.5431091176432408,-2.0410376863582638,1.8934585248125155,0.7647191129018722,-0.1770915831691304,0.6608105467627289,-1.1601905239981336,-0.4863212421463546,-0.5020465201816934,-0.1197368680178495
V,2021-Q3,2021-07-27,9545,539,17.708719851576994,10.19773654916512,32.37297014143531,25,69,4,55,-0.9506331004867764,-0.8104002002062832,0.1622640624095068,0.3773553531272071,-0.2276950919332592,-1.3850196459407416,-0.820683520668451,-0.5678956012857352,-1.111877130582392,-0.0154910571877454,-0.0169537201722916,-0.0600294296417234,1,1,1,0.8551629575399252,0.1110881433750574,0.0337488900583523,0.9230769230769232,0.0,13,0.328035330829712,0.6255110805997481,0.0464535945166762,0.2307692307692307,0.0,13,13.6,0.8409027008446179,-1.0725979313290113,-0.6401170417258439,0.5340580823593569,-0.6885303726590962,-1.9882696935448687,1.571480486153793,-1.4901550089913411,-0.1405184796198937,1.3176967120373757,-0.5020465201816934,-0.1197368680178495
V,2021-Q4,2021-10-26,10261,610,16.821311475409836,9.58394528221704,36.64360198811032,42,101,9,59,0.7332260802545048,1.0194433613902354,-0.5338784264838656,-0.9821258737965574,0.2740766352532331,-0.6466642249340048,0.9974461251201174,0.593709037707814,-0.8086379131508307,-0.0647614710311186,-0.0937050968591718,-0.1108622401045761,1,1,1,0.8211201706102916,0.1504680072622639,0.0284118154751403,0.9285714285714286,0.0,14,0.263263817344393,0.6744238670383181,0.0623123299197426,0.2142857142857142,0.0714285714285714,14,14.8,0.5714300435867922,-0.0076191157421608,-0.6914362746159438,0.570361124211578,-0.6885303726590962,-0.6117752903214982,0.3742291816509268,-0.5989461785205014,0.5489240981909109,1.1244090740891184,1.5833774867268784,0.9578949441428
V,2022-Q1,2022-01-27,9210,556,16.56474820143885,9.779335014572672,37.24212812160695,37,53,16,69,-1.7384722423140515,-0.3722686432042999,-0.7351438200698636,-0.5493587632576411,0.3443995997589839,-0.8638275840536332,-1.7297483435627352,2.219955532298783,-0.0505398695719272,0.0811554957010199,0.0767972037784459,0.0875443458531072,0,0,0,0.8500390563692365,0.1309183443497334,0.0190425913980496,1.0,0.0,14,0.2582712775717179,0.7028189798196157,0.0389097460235158,0.1666666666666666,0.0,12,13.0,0.80034341094729,-0.536315124274399,-0.7815270883969976,1.0423006682904647,-0.6885303726590962,-0.6117752903214982,0.2819459473403293,-0.0815768545567192,-0.4684797085292935,0.5660225644608211,-0.5020465201816934,-1.1973686801784988
V,2022-Q2,2022-04-26,10506,637,16.49293563579278,9.653530579073584,37.597563297163525,53,92,5,88,1.30940694517296,1.7152993636875031,-0.7914784000955732,-0.8280019723328504,0.3861609428915498,-0.168904834870822,0.4860971622420826,-0.3355746734870254,1.389846413227989,0.0618822438163494,0.0696742710694423,0.0364229064636557,0,0,0,0.749854735036691,0.2106471971919139,0.0394980484619736,0.8666666666666667,0.0,15,0.275608325501283,0.6980305194854737,0.0263611578692992,0.1333333333333333,0.0,15,15.9,0.0073138819355919,1.6198512736381296,-0.5848353711331966,0.1613468526765427,-0.6885303726590962,0.7647191129018722,0.602407862354948,-0.1688243504544708,-1.0140169626067144,0.1751520077210132,-0.5020465201816934,2.035526756303449
V,2022-Q3,2022-07-26,9612,587,16.374787052810902,9.865610990845733,42.44694132334582,70,69,3,50,-0.7930652721213213,0.4266771372110815,-0.8841620515295062,-0.3582668132842581,0.9559316174281984,0.5694505861359148,-0.820683520668451,-0.8002165290844451,-1.4909261523718436,-0.0354727604599971,-0.0557677756180566,-0.0732445585894581,1,1,1,0.8144527545997075,0.1337036604859999,0.0518435696139931,0.9285714285714286,0.0,14,0.2628948396215072,0.6772991487613091,0.0598060102560199,0.0769230769230769,0.0,13,14.1,0.5186527456197004,-0.4609897577791703,-0.4661256425595992,0.570361124211578,-0.6885303726590962,-0.6117752903214982,0.3674089139701716,-0.5465574955564009,0.4399643705797942,-0.4863212421463546,-0.5020465201816934,-0.1197368680178495
V,2022-Q4,2022-10-25,9824,583,16.850771869639793,9.7115432904774,45.093648208469055,74,106,3,81,-0.2944924420694336,0.3235873590929677,-0.5107677226480486,-0.6995100951698202,1.266902624245057,0.7431812734316177,1.2815288822745812,-0.8002165290844451,0.8591777827227568,0.0535778040052216,0.0663107715626001,0.0656034868587203,0,0,0,0.8166438738505045,0.1189492425570885,0.0644068971897165,0.9333333333333332,0.0666666666666666,15,0.2468274564792712,0.679115374883016,0.0740571754674116,0.1666666666666666,0.0833333333333333,12,14.4,0.5359969991351813,-0.860004405864591,-0.3453215721497119,0.6018237604835031,-0.1721325931647744,0.7647191129018722,0.0704157700420217,-0.5134651923847179,1.0595194505043732,0.5660225644608211,1.9309481545449736,-1.1973686801784988
V,2023-Q1,2023-01-26,10109,552,18.31340579710145,10.350509973195951,35.71075279453952,44,76,3,78,0.3757587681418305,-0.4753584213224136,0.6366201654410876,0.7157319530020722,0.1644728651631047,-0.5597988812861533,-0.4229676606522016,-0.8002165290844451,0.6317483696490858,0.0276519130219787,0.0202016642342655,-0.0081387523713479,0,0,1,0.7638561258713404,0.1239029202610254,0.1122409683341781,0.8,0.1333333333333333,15,0.1588815677051361,0.8134066875164325,0.027711725865419,0.0,0.0,13,14.7,0.1181447607739528,-0.7260384320601055,0.1146322469080044,-0.2791300551304183,0.3442651863295481,0.7647191129018722,-1.555195928600205,1.9333715631685613,-0.9553023767909018,-1.3883302192382196,-0.5020465201816934,-0.1197368680178495
WMT,2022-Q1,2021-05-18,11269,620,18.175806451612903,9.88476190413046,12.867157689235958,64,54,0,65,-0.1972115331175295,-1.1329378800892065,1.1251787715864543,1.7168762704528122,-0.9279059182160942,0.3210863765207339,-1.2432670508543648,-0.7741129997161835,-0.5273504881351805,0.0026921676443179,-0.0084101825703511,-0.0122631501455944,0,1,1,0.8919555842876434,0.0914150044322013,0.0166293963789939,1.0,0.0,10,0.3048203654587268,0.667929558455944,0.0272500691004097,0.1,0.0,20,14.6,1.1736593404032392,-1.1605247705583994,-0.8668889333086143,0.9759894815802368,-0.8262165696422082,-1.1009637651263613,0.9999968809013148,-0.4967151525500467,-0.5101726081939963,-0.130626762708881,-0.408248290463863,0.1903467469067195
WMT,2022-Q2,2021-08-17,10997,657,16.73820395738204,8.918303905646237,19.096117122851687,36,65,2,61,-0.5926036977954283,-0.3518440621395045,-0.2144468773101442,-0.5023731376299145,0.7302270641724431,-1.265458072169952,-0.1192173884380902,-0.1935282499290458,-0.8995978915247193,0.0003278323548651,0.006508159380261,-0.020794794857849,0,0,1,0.8164699050513181,0.1483406648039817,0.0351894219321283,0.9090909090909092,0.0,11,0.3272082303699694,0.6528752101095099,0.0199165584911641,0.2631578947368421,0.0,19,14.1,0.5948295040973657,-0.3979418075508389,-0.6246740744550774,0.4086524086954391,-0.8262165696422082,-0.2752409412815906,1.5044655993616924,-0.8117149328806911,-0.6914385966255131,1.973986919244278,-0.408248290463863,-0.380693493813441
WMT,2022-Q4,2022-02-17,10752,713,15.079943899018232,8.556169230557185,20.554315476190474,45,76,1,72,-0.9487473755383886,0.8303519866492333,-1.75969162725991,-1.3339324651931077,1.1183957158234916,-0.7554973565193743,1.0048322739781843,-0.4838206248226147,0.1240824677965125,6.692072521109326e-05,0.0069944553617328,-0.0195797300338786,0,0,1,0.8580555071433386,0.1248097564093768,0.0171347191402067,1.0,0.0,12,0.2376393401885733,0.7425903590286479,0.0197703134925926,0.0588235294117647,0.0,17,14.6,0.9137110124195682,-0.7131646741565769,-0.8602942936120127,0.9759894815802368,-0.8262165696422082,0.5504818825631799,-0.5138020390604369,1.0655003109497323,-0.6950534061801359,-0.6617721511334926,-0.408248290463863,-1.522773975253762
WMT,2023-Q1,2022-05-17,10880,623,17.463884430176567,9.109688010595324,11.76470588235294,70,55,0,79,-0.7626804745134951,-1.0696059489040952,0.4617763333201809,-0.0629033807539388,-1.2213757540640156,0.6610601869544523,-1.1410807179074307,-0.7741129997161835,0.7755154237282055,-0.0275987126914497,-0.0467280998680277,-0.0196277051006983,1,1,1,0.621682969480753,0.1661781238391995,0.2121388969011604,0.8,0.1,10,0.221446517658861,0.7316819068632627,0.0468715781738099,0.0526315789473684,0.0,19,15.4,-0.8988112920309677,-0.1589890703359444,1.6845787862767574,-0.2721520787663189,0.616579529583738,-1.1009637651263613,-0.8786770489019587,0.8372499771079772,-0.0251781183484649,-0.7416436381146374,-0.408248290463863,-0.380693493813441
WMT,2023-Q2,2022-08-16,12263,697,17.593974175035868,9.17720093457664,14.515208350322109,84,74,4,87,1.2477142451539094,0.4925816869953082,0.583000078807053,0.0921245840603166,-0.4891990704805437,1.4543324112997953,0.8004596080843163,0.3870564998580918,1.5200102305072831,0.0081743518002159,0.000731888215051,0.0018463655242264,0,0,0,0.6051792508612076,0.2731792006331185,0.1216415285598486,0.5833333333333334,0.1666666666666666,12,0.2447678692300211,0.6287108971313997,0.1265212341042405,0.0909090909090909,0.0454545454545454,22,17.1,-1.0253630412320611,1.2744101674347998,0.5035563121075031,-1.6243054358084212,1.5784435957343677,0.5504818825631799,-0.353173952179276,-1.317333183819371,1.9435615998783748,-0.2478926276857435,2.041241452319315,1.3324272283470406
WMT,2023-Q3,2022-11-15,12267,732,16.758196721311474,9.176366340117209,19.32012717045733,51,73,9,60,1.253528835810937,1.2314542174882692,-0.1958166791436243,0.09020812906384,0.7898579627647183,-0.4155235460856559,0.6982732751373822,1.838518374325936,-0.992659742372104,0.0148177123565134,0.0250962031766556,0.0252868650965679,0,0,0,0.640042958351282,0.2643557491783912,0.0956013022133937,0.7692307692307693,0.0769230769230769,13,0.2267661335922423,0.7262223362922668,0.0470115295833065,0.0952380952380952,0.0,21,18.3,-0.7580255236571449,1.1562101551669604,0.1637222029914437,-0.4641738572811737,0.2836265836085192,1.3762047064079503,-0.7588094401213357,0.7230129811923947,-0.0217188705302642,-0.1920517396015236,-0.408248290463863,0.7613869876268801
XOM,2020-Q4,2021-02-02,13339,656,20.333841463414632,11.450558723574764,20.541269960266888,92,80,10,197,1.7586447466815716,1.8002393285879172,0.9345327019754984,1.2317776806891685,2.0389693935348903,2.1290397098322527,1.3064973614301645,0.6708203932499369,1.5558375625133885,0.0384423955465709,0.0785302638404378,0.1056183953670882,0,0,0,0.620345170609653,0.2630816595628857,0.1165731708169914,0.6875,0.0625,16,0.171009028951327,0.8015025939260211,0.0274883796948762,0.0,0.0,21,17.8,-1.062900329949256,-0.1122547322203292,1.602774672557697,-0.5303913865138244,1.6895499532724096,1.6417276043706812,-1.7745215283096247,2.402517370109493,-0.8111284761464796,-0.9040419908325648,-0.6015405305227443,-0.7197274920657457
XOM,2021-Q1,2021-04-30,12075,612,19.730392156862745,10.791587211127084,16.231884057971016,54,66,7,181,0.7409246002653769,0.8547555432817969,0.2842279950590144,0.318577207248549,0.9495968240309344,-0.1679053398921335,0.2579708165881215,0.0,1.193897968003004,0.0254463829288208,0.0688785747976566,0.0791205063716415,0,0,0,0.7315739144881567,0.1926788855344057,0.0757471933029592,0.9166666666666666,0.0,12,0.1913012950902893,0.73475519603207,0.0739435007174809,0.0,0.0952380952380952,21,16.0,1.0791242401301366,-1.205306414680287,0.5545325018960204,1.1525812822319623,-0.5036158514561987,0.797410550694331,-1.0418606571509852,-0.0869679493850374,1.6569623155664135,-0.9040419908325648,2.198066598757356,-0.7197274920657457
XOM,2021-Q2,2021-07-30,12578,596,21.104026845637584,11.915918523729603,13.11814278899666,55,68,2,165,1.145919247138277,0.5109432577159349,1.7645198671273583,1.8766717038664928,0.1624720680080486,-0.1074594175309655,0.4077603229941276,-1.118033988749895,0.8319583734926196,0.002272063231533,-0.0137518183356311,-0.0040388571911073,0,1,0,0.7439043968915939,0.1729540114601453,0.0831416031966606,0.8666666666666667,0.0666666666666666,15,0.2333286255598068,0.7362607389688491,0.0304106357041746,0.15,0.0,20,18.3,1.3165826105846703,-1.5115487054238217,0.7443903509841802,0.7853872454147004,1.835761006920981,1.4306483409515935,0.4755539254986476,-0.0308155425910625,-0.6558734043952392,1.5796663592066973,-0.6015405305227443,-1.2180003711881855
XOM,2021-Q3,2021-10-29,11341,580,19.55344827586207,9.82951513532204,8.553037651000794,42,65,6,133,0.1499383760015423,0.1671309721500729,0.0935451366557046,-1.014658992668238,-0.9915439396056568,-0.8932564082261503,0.1830760633851184,-0.2236067977499789,0.1080791844718507,0.0162725739812566,-0.0202866626897477,-0.0116761125039531,0,1,1,0.6125868931412697,0.3734987913630903,0.0139143348205834,0.5,0.0,4,0.2420154445701175,0.7324831452634599,0.0255014144091142,0.037037037037037,0.0,27,16.1,-1.2123079415008424,1.6020474860103502,-1.0330794486446422,-1.9073690245785595,-0.5036158514561987,-0.8912235566583695,0.7891952083453916,-0.1717088862914862,-0.916692956817106,-0.2907806698352167,-0.6015405305227443,2.269909782668893
XOM,2021-Q4,2022-02-01,10170,522,19.48275862068965,10.499167784728154,12.487708947885938,39,33,7,76,-0.7929020444520684,-1.0791885630261768,0.0173667153868215,-0.0866566360762604,0.0031042720009311,-1.0745941753096544,-2.213556039110979,0.0,-1.181330620971394,-0.0123124236838927,0.0165584391715848,-0.0026145867838041,1,0,0,0.6957561284303665,0.2900918390601873,0.0141520332545042,0.8,0.0,5,0.2521855848962846,0.7294569093248119,0.018357513350961,0.1304347826086956,0.0,23,14.8,0.3893512991946663,0.3070969559834317,-1.0269763364227638,0.2957951963250169,-0.5036158514561987,-0.6801442932392819,1.156392436104413,-0.2845787535866991,-1.296237687955712,1.255704400505923,-0.6015405305227443,0.2768182661791341
XOM,2022-Q1,2022-04-29,9875,507,19.47731755424063,10.352056200680057,10.227848101265824,49,58,7,97,-1.0304237558387592,-1.4015125807441724,0.0115031721131314,-0.2905233672833825,-0.5681674759974025,-0.4701349516979738,-0.3411872090359029,0.0,-0.7062849031765143,0.0075877442838091,0.0342519206188807,0.0771445001957358,0,0,0,0.6826171100139617,0.2869338616728782,0.0304490114562213,0.8,0.0,5,0.1985573057423938,0.7378963848406618,0.0635463049719956,0.0,0.0454545454545454,22,14.3,0.1363222772594128,0.2580671763475845,-0.6085373707048617,0.2957951963250169,-0.5036158514561987,-0.6801442932392819,-0.7798793166194873,0.0301893282241099,1.1045749250227062,-0.9040419908325648,0.7346355993609388,-0.2214546129433058
XOM,2022-Q2,2022-07-29,10161,554,18.34115523465704,10.042182657299923,8.46373388446019,70,59,4,102,-0.8001484695452216,-0.3915639918944528,-1.2128775608239268,-0.719945066364684,-1.0141190989969031,0.7992294178865554,-0.2662924558328998,-0.6708203932499369,-0.5931787798920191,-0.0223148240759426,-0.0669428683705436,-0.0910782447885999,1,1,1,0.6758470007528862,0.2348993277798096,0.0892536508229871,0.8333333333333334,0.0,6,0.2462056383652531,0.6995302717322889,0.0542640867035674,0.0869565217391304,0.0434782608695652,23,15.1,0.0059446439815766,-0.5498048940743872,0.9013224432728691,0.5405912208698587,-0.5036158514561987,-0.4690650298201944,0.9404839316079464,-1.4007559724617855,0.6114246128358253,0.5357889367264272,0.6765409850181711,0.2768182661791341
XOM,2022-Q3,2022-10-28,10490,581,18.055077452667813,9.783293039266702,9.532888465204955,64,75,17,80,-0.5352513744732849,0.1886192399979392,-1.5211681266625772,-1.078713415665019,-0.743846791241327,0.436553883719547,0.9320235954151488,2.23606797749979,-1.0908457223437975,0.0082172554831091,0.0265270217240168,0.0471127919982025,0,0,0,0.6051474392414093,0.3410848870873451,0.0537676526233553,0.6,0.0,5,0.2281688532751539,0.7271064286646636,0.0447247211375962,0.0869565217391304,0.0,23,14.4,-1.3555757020257684,1.0987992391533896,-0.0098111546451032,-1.1729809509440343,-0.5036158514561987,-0.6801442932392819,0.2892581598524696,-0.3722448991118316,0.1046124510356174,0.5357889367264272,-0.6015405305227443,0.2768182661791341
XOM,2022-Q4,2023-01-31,10364,542,19.121771217712176,10.391018811794943,13.122346584330376,46,59,3,123,-0.6367013257774309,-0.6494232060688493,-0.3716499008310097,-0.2365291137466306,0.1635347482664856,-0.651472718781478,-0.2662924558328998,-0.8944271909999159,-0.1181330620971395,-0.0215754387662521,-0.0496968655459078,-0.0308235585341562,1,1,1,0.7120667695999146,0.2775839852790038,0.01034926623106,0.8333333333333334,0.0,6,0.2186445136639205,0.7347909428856589,0.0465645203790204,0.0,0.0,22,14.0,0.7034589023254122,0.1129038889040695,-1.1246156582933962,0.5405912208698587,-0.5036158514561987,-0.4690650298201944,-0.05462215932877,-0.0856346949056752,0.2023582208539741,-0.9040419908325648,-0.6015405305227443,-0.2214546129433058
