ticker,quarter,date_parsed,format,prep_pos_mean,prep_neu_mean,prep_neg_mean,prep_pos_share,prep_neg_share,prep_n_chunks,qa_pos_mean,qa_neu_mean,qa_neg_mean,qa_pos_share,qa_neg_share,qa_n_chunks,call_seconds,prep_pos_mean_zscore,prep_neu_mean_zscore,prep_neg_mean_zscore,prep_pos_share_zscore,prep_neg_share_zscore,prep_n_chunks_zscore,qa_pos_mean_zscore,qa_neu_mean_zscore,qa_neg_mean_zscore,qa_pos_share_zscore,qa_neg_share_zscore,qa_n_chunks_zscore
AAPL,2019-Q3,2019-07-30,standard,0.6267275009304285,0.29308510494108,0.0801873855913678,0.5833333333333334,0.0833333333333333,12,0.2117021707817912,0.7508390868703524,0.0374587535237272,0.0833333333333333,0.0,12,12.4,0.3561969305866523,-0.5090029747876652,-0.12215492825857316,-0.15850227037222533,0.012572090420001392,1.8027756377319946,-0.17614621270195127,0.7306297029818544,-0.6492588099429243,-0.46646927047673475,-0.49884659592632397,-1.2366938848016844
AAPL,2020-Q1,2020-01-28,standard,0.7569074481725693,0.2274542504714595,0.0156383084961109,0.8888888888888888,0.0,9,0.2946380089436258,0.6147527939506939,0.0906091965734958,0.2142857142857142,0.1428571428571428,14,11.2,1.6751819804777774,-1.9765560693225177,-0.7584345660022378,1.7787477008438684,-0.6187654937148589,-0.9013878188659973,1.463405123333224,-2.116137394982882,0.6771399173950869,1.4713340881225592,1.6351082866473952,0.0
AAPL,2020-Q2,2020-04-30,standard,0.4771597211559613,0.3623507128407557,0.160489555215463,0.5,0.0833333333333333,12,0.2077552269805561,0.6657725464213978,0.1264722341332923,0.0909090909090909,0.1818181818181818,11,11.0,-1.1592259102367874,1.0398258198314807,0.6694076733731712,-0.6868431716129786,0.012572090420001392,1.8027756377319946,-0.2541729997459714,-1.048863464862298,1.5721218714165688,-0.3543649439461967,2.217095981894774,-1.8550408272025265
AAPL,2020-Q3,2020-07-30,standard,0.6426307916641235,0.3398929689079523,0.0174762208946049,0.6,0.0,10,0.211352868626515,0.748997430006663,0.0396497119994213,0.0,0.0,12,9.7,0.5173292951804024,0.5376545183727636,-0.7403177115444645,-0.05283409012407511,-0.6187654937148589,0.0,-0.18305153648062397,0.6921043816374985,-0.594582228393267,-1.699616862312649,-0.49884659592632397,-1.2366938848016844
AAPL,2020-Q4,2020-10-29,standard,0.5926163230429996,0.3872099701653827,0.0201736994257027,0.6363636363636364,0.0,11,0.2750311637563364,0.6982491995607104,0.0267196521828217,0.1428571428571428,0.0,14,11.2,0.010581998173075669,1.5956966874198597,-0.7137278555802135,0.1777146667809808,-0.6187654937148589,0.9013878188659973,1.0757991144625219,-0.3694896232690806,-0.9172590284546117,0.41435043797748966,-0.49884659592632397,0.0
AAPL,2021-Q1,2021-01-27,standard,0.6615284714433882,0.3206921141180727,0.0177794283048974,0.5555555555555556,0.0,9,0.2697218272369355,0.6867785318754613,0.0434996205731295,0.125,0.0,16,13.4,0.7088008515493484,0.10830959985360206,-0.737328905044607,-0.33461590411914305,-0.6187654937148589,-0.9013878188659973,0.9708393048461051,-0.6094426608415904,-0.4985056288482237,0.15010452544122313,-0.49884659592632397,1.2366938848016844
AAPL,2021-Q2,2021-04-28,standard,0.5746306583285332,0.3765870660543441,0.0487822611816227,0.6,0.0,10,0.2810125425457954,0.6771601249774297,0.0418273366366823,0.2,0.0,15,14.2,-0.17164900877771022,1.3581609136273984,-0.43172467087842,-0.05283409012407511,-0.6187654937148589,0.0,1.1940444689792717,-0.8106485553126718,-0.5402384001625546,1.2599373580935467,-0.49884659592632397,0.6183469424008422
AAPL,2021-Q3,2021-07-27,standard,0.6291148132748074,0.3198462848862012,0.0510388971823785,0.6666666666666666,0.0,9,0.2498067764099687,0.7097882870584726,0.0404049458447843,0.125,0.0,16,13.1,0.3803852127173816,0.08939625007761191,-0.40948033212573287,0.3698386308685272,-0.6187654937148589,-0.9013878188659973,0.5771404056217707,-0.12810532273148764,-0.5757349497281753,0.15010452544122313,-0.49884659592632397,1.2366938848016844
AAPL,2021-Q4,2021-10-28,standard,0.5849629014730453,0.3482885010540485,0.0667485899291932,0.4,0.1,10,0.138508420670405,0.8101829560473561,0.0513086149585433,0.0625,0.0,16,11.6,-0.06696257643415844,0.7253846535483388,-0.2546251729225035,-1.320852253101882,0.13883960724697378,0.0,-1.623107061525589,1.972034480895485,-0.3036278513496664,-0.774756168435713,-0.49884659592632397,1.2366938848016844
AAPL,2022-Q1,2022-01-27,standard,0.6803161890970336,0.2810121588408947,0.0386716477158996,0.7777777777777778,0.0,9,0.2153866829971472,0.7573761343955994,0.027237199122707,0.1333333333333333,0.0,15,12.6,0.8991582701204325,-0.7789627300378522,-0.5313880241412853,1.074293165856198,-0.6187654937148589,-0.9013878188659973,-0.10330741274267444,0.8673771403133378,-0.9043433580855285,0.2734192846248142,-0.49884659592632397,0.6183469424008422
AAPL,2022-Q2,2022-04-28,standard,0.5516934295495352,0.2782966304156515,0.1700099582473437,0.5555555555555556,0.2222222222222222,9,0.2136724355320135,0.7112758899728457,0.0750516892721255,0.2,0.0,15,11.3,-0.40404933222504824,-0.8396838980916322,0.7632531451428033,-0.33461590411914305,1.0648013973114356,-0.9013878188659973,-0.13719622105580034,-0.09698639855024065,0.28889371094734545,1.2599373580935467,-0.49884659592632397,0.6183469424008422
AAPL,2022-Q3,2022-07-28,standard,0.6232172321114275,0.3110894954038991,0.0656932554104262,0.8888888888888888,0.0,9,0.1215687601694038,0.7124230095318386,0.1660082060178475,0.0,0.1428571428571428,14,10.5,0.32063083771714723,-0.10641185887960575,-0.265027922202846,1.7787477008438684,-0.6187654937148589,-0.9013878188659973,-1.9579857294448044,-0.07298999047775016,2.558763934637784,-1.699616862312649,1.6351082866473952,0.0
AAPL,2022-Q4,2022-10-27,standard,0.5389086931943894,0.3087812656536698,0.1523100389167666,0.5,0.2,10,0.203566106609427,0.7299698041035578,0.0664640847020424,0.1538461538461538,0.0,13,13.4,-0.5335844601497131,-0.15802553571226627,0.5887797248159428,-0.6868431716129786,0.8964447082088064,0.0,-0.3369873542340112,0.29406856031256845,0.07458528529650992,0.5769633072305775,-0.49884659592632397,-0.6183469424008422
AAPL,2023-Q1,2023-02-02,standard,0.3415925795720382,0.267290657047521,0.3911167858168483,0.3636363636363636,0.4545454545454545,11,0.1948510832511461,0.7492051262121934,0.0559437911097819,0.0769230769230769,0.0,13,10.9,-2.5327940886987985,-1.085785375899522,2.942769545368965,-1.5514010100069382,2.8248940561116522,0.9013878188659973,-0.509273889311468,0.6964491448872782,-0.18795446472834562,-0.5613267775410358,-0.49884659592632397,-0.6183469424008422
ABNB,2021-Q2,2021-08-12,standard,0.5384553663432599,0.4452656865119934,0.0162789292633533,0.6,0.0,5,0.2285599382594227,0.7369836997240782,0.0344563778877879,0.0833333333333333,0.0,24,13.4,0.8054920964651964,-0.7742081483408307,-0.8860889662143392,0.40479743296283627,,0.8164965809277265,0.47521287059920586,-0.6366773172120894,0.2694857142401911,-0.351908181538522,,-0.9128709291752768
ABNB,2021-Q3,2021-11-04,standard,0.3260511979460716,0.655886572599411,0.018062224984169,0.4,0.0,5,0.1623135850143929,0.7910774697860082,0.0466089464801674,0.0416666666666666,0.0,24,14.9,-1.2974266238290704,1.349240009821331,-0.5400210814525926,-0.6002168833586888,,0.8164965809277265,-1.6064767177902242,1.3630097498664464,1.8290017664866975,-1.356904348216985,,-0.9128709291752768
ABNB,2021-Q4,2022-02-15,standard,0.3389953963458538,0.6320074632763862,0.0289971327409148,0.2,0.0,5,0.219599586725235,0.756655809879303,0.0237446018308401,0.12,0.0,25,14.8,-1.1692719019160642,1.1084944140142545,1.5820164209482326,-1.6052311996802142,,0.8164965809277265,0.19364762838827357,0.09054254959532117,-1.1051361677013105,0.5324884451385253,,-0.30429030972509225
ABNB,2022-Q1,2022-05-03,standard,0.5168496835976839,0.4575748331844806,0.0255754757672548,0.75,0.0,4,0.1926582931644386,0.7766149822208617,0.0307267307200365,0.1111111111111111,0.0,27,14.2,0.5915838899866461,-0.6501091792604686,0.9180067575856355,1.1585581702039804,,-0.4082482904638627,-0.652941014699952,0.828374258409709,-0.20913282496898858,0.3180892629137867,,0.9128709291752768
ABNB,2022-Q2,2022-08-02,standard,0.4671667218208313,0.5148742636665702,0.0179590214975178,0.5,0.0,4,0.2540841946005821,0.7160759475827218,0.0298398688808083,0.16,0.0,25,13.1,0.09969509520162372,-0.0724249221045369,-0.560048837874888,-0.09770972519792628,,-0.4082482904638627,1.2772733022164118,-1.4095752222922566,-0.3229421208299906,1.497284765149849,,-0.30429030972509225
ABNB,2022-Q3,2022-11-01,standard,0.5550640697280566,0.4267389252781868,0.0181970115130146,0.6666666666666666,0.0,3,0.2234068156353064,0.7478312871285847,0.0287618957393403,0.0714285714285714,0.0,28,14.4,0.9699274440916701,-0.9609921741297477,-0.5138642929920463,0.7398022050700114,,-1.6329931618554518,0.31328393128628246,-0.23567401836711008,-0.4612763672266015,-0.639049943446654,,1.5214515486254614
AMZN,2020-Q2,2020-07-30,standard,0.7104348875582218,0.2571839682757854,0.0323811141774058,0.8,0.0,5,0.3030110510687033,0.6442750319838524,0.0527139066252857,0.0833333333333333,0.0,12,7.4,1.4298326822435292,-0.7990964596967308,-0.6912395057636715,1.154706585182326,-0.7071067811865475,-0.7071067811865476,0.7549851851620766,-0.3029983608050647,-0.39812296987459606,-0.3819899429211152,-0.6598274531213631,-0.16978110252852305
AMZN,2020-Q4,2021-02-02,standard,0.5398125112056732,0.4394219763576984,0.0207655349746346,0.6,0.0,5,0.2059536081339631,0.7110756997551236,0.082970670956586,0.0714285714285714,0.0,14,7.9,-0.5455165199534858,1.3092913531175694,-0.8387439345036487,-0.1905826402728109,-0.7071067811865475,-0.7071067811865476,-0.6674159785940293,0.4999072045811004,0.05976930073646971,-0.515069109327773,-0.6598274531213631,0.9620929143282946
AMZN,2021-Q1,2021-04-29,standard,0.6479279641062021,0.3340744059532881,0.017997620627284,0.75,0.0,4,0.3015183688451846,0.6835622563958168,0.0149193671531975,0.0833333333333333,0.0,12,6.8,0.7061702646154286,0.0904812053989948,-0.8738932471190481,0.8183842788185416,-0.7071067811865475,-2.121320343559643,0.7331095528802885,0.16921145657205194,-0.9700885411459208,-0.3819899429211152,-0.6598274531213631,-0.16978110252852305
AMZN,2021-Q2,2021-07-29,standard,0.6518335945904254,0.2741010129451752,0.074065401777625,0.8,0.0,5,0.3763152391960223,0.5248187979062399,0.0988659696498264,0.3333333333333333,0.0833333333333333,12,7.7,0.7513869837000684,-0.6033760872827361,-0.16189723857510707,1.154706585182326,-0.7071067811865475,-0.7071067811865476,1.8292764434904365,-1.7387935161678105,0.3003216060323666,2.4126725516186966,0.4683749278633507,-0.16978110252852305
AMZN,2021-Q3,2021-10-28,standard,0.6247118705262741,0.2656457293778658,0.1096424021137257,0.6666666666666666,0.1666666666666666,6,0.2413193751126527,0.7301198499543327,0.0285607859758394,0.1428571428571428,0.0,14,8.9,0.43739020826171765,-0.7011988028338807,0.28988954013382867,0.2578471015455678,0.7071067811865472,0.7071067811865476,-0.14912179541181714,0.7288069250951364,-0.7636454406655995,0.28340588911217296,-0.6598274531213631,0.9620929143282946
AMZN,2021-Q4,2022-02-03,standard,0.4133472715814908,0.4651431857297818,0.1215095591420928,0.3333333333333333,0.1666666666666666,6,0.2671328376118953,0.7087975190236018,0.0240696322602721,0.0769230769230769,0.0,13,9.0,-2.009644587664292,1.6068707930035122,0.440588716445181,-1.984301607546326,0.7071067811865472,0.7071067811865476,0.22918097034500667,0.47252478387600244,-0.8316125421694784,-0.45364795560162313,-0.6598274531213631,0.39615590589988575
AMZN,2022-Q1,2022-04-28,standard,0.5003662398084998,0.2230793392906586,0.2765544432525833,0.5,0.3333333333333333,6,0.2502695173025131,0.6395163495432247,0.1102141356942328,0.1818181818181818,0.0909090909090909,11,9.5,-1.0021984769146923,-1.1936671909597403,2.409479519093892,-0.863227253000379,2.121320343559643,0.7071067811865476,-0.017955217334955996,-0.36019498387727594,0.47205964981152876,0.7189377064430532,0.5709387806801433,-0.7357181109569318
AMZN,2022-Q2,2022-07-28,standard,0.6247861801336209,0.2447459337611993,0.1304679017824431,0.6666666666666666,0.1666666666666666,6,0.2554130296815525,0.6420449059117924,0.1025420452722094,0.0909090909090909,0.0909090909090909,11,9.2,0.4382505140828295,-0.9429972884093097,0.5543493124993664,0.2578471015455678,0.7071067811865472,0.7071067811865476,0.05742424633645753,-0.3298031921714333,0.3559536820613834,-0.2973032006623328,0.5709387806801433,-0.7357181109569318
AMZN,2022-Q3,2022-10-27,standard,0.6014773699765404,0.3578624253471692,0.0406601961391667,0.6666666666666666,0.0,6,0.1778968042797512,0.5841426485114627,0.2379605279614528,0.1111111111111111,0.2222222222222222,9,7.6,0.16839704859824373,0.365694761061355,-0.586104735129966,0.2578471015455678,-0.7071067811865475,0.7071067811865476,-1.0785954744348718,-1.0257549882572328,2.405316126846575,-0.07147188797224693,2.3487122295045415,-1.8675921278137495
AMZN,2022-Q4,2023-02-02,standard,0.5546215049301585,0.401278863971432,0.0440995885680119,0.5,0.0,6,0.1361170716583729,0.8264878392219543,0.0373951020961006,0.0,0.0,15,10.7,-0.37406811696935005,0.8679977166009617,-0.5424284270808264,-0.863227253000379,-0.7071067811865475,0.7071067811865476,-1.6908879324385875,1.8870946711545231,-0.6299508716327282,-1.3135441077677188,-0.6598274531213631,1.5280299227567034
BA,2019-Q2,2019-07-24,standard,0.617441535461694,0.281661661574617,0.100896789226681,0.75,0.0625,16,0.1582488104701042,0.7815087378025055,0.0602424509357661,0.05,0.05,20,17.5,0.23434135739750941,-0.1609056390234696,-0.18508360491704184,0.45710394343098015,-0.47594442635373313,0.9013195514887719,-0.08765673034015735,-0.0018685292433917654,0.15105841754539737,0.149696237713024,0.5038782739643373,0.6719368409052932
BA,2021-Q1,2021-04-28,standard,0.5801229139169057,0.2396100206921498,0.1802670760080218,0.5333333333333333,0.2666666666666666,15,0.1502597571203583,0.8238582454229656,0.0258819861827712,0.0,0.0,19,18.2,0.05725158413008055,-0.33968124992228116,1.088426895469472,-0.3538017526050624,1.6110448409104356,0.6878491313993259,-0.21400066055025302,0.4532011895188739,-0.7568923790724877,-0.5613608914238398,-0.612670174024819,0.4199605255658084
BA,2021-Q2,2021-07-28,standard,0.7420603464047114,0.2287410213301579,0.0291986145700017,0.8666666666666667,0.0,15,0.195787382165068,0.7768360015593077,0.0273766129914867,0.1052631578947368,0.0,19,17.4,0.8257007394226352,-0.38588900686165534,-1.3354936889246132,0.8937454720657724,-1.1148186918427645,0.6878491313993259,0.5060019266728204,-0.05207975689447715,-0.7173979306890036,0.935601485706399,-0.612670174024819,0.4199605255658084
BA,2021-Q3,2021-10-27,standard,0.7120027222803661,0.1622924535934414,0.1257048261884067,0.7857142857142857,0.1428571428571428,14,0.0905300628107327,0.8416823538450094,0.0677875748907144,0.0,0.0769230769230769,13,12.1,0.683066911569439,-0.6683841257485734,0.21296580180579885,0.5907697175028552,0.34546534356073527,0.47437871130987985,-1.1586037316469948,0.6447314448290655,0.3504329415724301,-0.5613608914238398,1.105096669035421,-1.0918973664711007
BA,2021-Q4,2022-01-26,standard,0.5834842075904211,0.2727734812845786,0.1437423146174599,0.5833333333333334,0.1666666666666666,12,0.1147821800162394,0.8502434333165486,0.034974404113988,0.0,0.0,15,12.3,0.07320208578013962,-0.19869227059800318,0.5023805418366959,-0.16666966890443705,0.5888460161279853,0.04743787113098783,-0.7750654487593162,0.7367251478569736,-0.5166317142887997,-0.5613608914238398,-0.612670174024819,-0.587944735792131
BA,2022-Q1,2022-04-27,standard,0.5662864751980773,0.2698687808588147,0.1638447437435388,0.6428571428571429,0.1428571428571428,14,0.1519037158443377,0.7977552918287424,0.0503409724109447,0.0,0.0,13,12.0,-0.008407105663840828,-0.21104112505876907,0.8249276260606078,0.05610662121535489,0.34546534356073527,0.47437871130987985,-0.18800206006558629,0.1727100004017481,-0.11058109690624834,-0.5613608914238398,-0.612670174024819,-1.0918973664711007
BA,2022-Q2,2022-07-27,standard,0.0355713814496994,0.9397506713867188,0.0246779303997755,0.0,0.0,1,0.3124888153001666,0.5424586780369282,0.1450525035709142,0.2,0.12,25,12.5,-2.526833878440175,2.6368511734581346,-1.4080288780133794,-2.349877312078398,-1.1148186918427645,-2.300736749852918,2.3515920207617547,-2.570598358231242,2.3921036247286263,2.282867625123615,2.067046101149156,1.9318184176027173
BA,2022-Q3,2022-10-26,standard,0.5738207720220089,0.2422060525044798,0.1839731571264565,0.6,0.2,10,0.1368152770612921,0.805659430367606,0.057525309002293,0.0,0.0,14,13.4,0.027345739994679704,-0.32864464912805275,1.1478916323503316,-0.10429230767089555,0.9295789577221362,-0.3795029690479042,-0.42662015073649784,0.2576444967877436,0.07925987812646447,-0.5613608914238398,-0.612670174024819,-0.8399210511316159
BA,2022-Q4,2023-01-25,standard,0.7017327977551354,0.238685168325901,0.0595820305041141,0.8888888888888888,0.0,9,0.1633081485827764,0.8151414626174502,0.0215503892654346,0.0,0.0,18,14.8,0.6343325658095351,-0.34361310711733,-0.8479863256678692,0.9769152870438277,-1.1148186918427645,-0.5929733891373502,-0.007645165335767292,0.35953436497470387,-0.8713517410163784,-0.5613608914238398,-0.612670174024819,0.1679842102263235
BYND,2020-Q4,2021-02-25,standard,0.4600813368765207,0.248617822304368,0.291300825201548,0.6153846153846154,0.3076923076923077,13,0.196114165627438,0.776494808818983,0.0273910215043503,0.0434782608695652,0.0,23,20.2,-0.207969344339534,0.3676674950975591,0.059107246829907215,0.43975044623513326,0.13115556125383546,0.07612293995081225,0.07893645141544281,0.42640779403660056,-0.8366661966583371,0.01004631451493498,-0.35355339059327373,1.7862409035895932
BYND,2021-Q1,2021-05-06,standard,0.5158733800053596,0.2480182822507161,0.2361083295053014,0.5384615384615384,0.2307692307692307,13,0.1965444817354804,0.7601547241210938,0.0433007959080369,0.0,0.0,19,17.3,0.20522871658631203,0.35686599454322965,-0.3660249728411139,0.0036343012085548044,-0.411557106003414,0.07612293995081225,0.09812928059891372,0.0028974317097204836,-0.10615367321608962,-1.0276489569011231,-0.35355339059327373,0.2820380374088831
BYND,2021-Q2,2021-08-05,standard,0.6420853061911961,0.2213257822828988,0.1365889185496295,0.6666666666666666,0.1666666666666666,12,0.1883177271112799,0.7666064471006393,0.0450758111197501,0.05,0.0,20,16.6,1.139959195003708,-0.12403440809478886,-1.1325949122181183,0.7304945429195182,-0.8638176620511213,-0.5328605796556857,-0.2687979463527066,0.17011636522314016,-0.024652150406531643,0.16570060522734417,-0.35355339059327373,0.6580887539540606
BYND,2021-Q3,2021-11-10,standard,0.4992619840284952,0.190769538283348,0.3099684834910127,0.6153846153846154,0.3076923076923077,13,0.1712098847094335,0.7763105630874634,0.0524795484778128,0.0,0.0,19,17.8,0.08220406608083719,-0.6745452279957509,0.202898950838682,0.43975044623513326,0.13115556125383546,0.07612293995081225,-1.031836770091162,0.4216324224301641,0.31529753857766674,-1.0276489569011231,-0.35355339059327373,0.2820380374088831
BYND,2021-Q4,2022-02-24,standard,0.6068778681258361,0.1525741059333086,0.24054801966995,0.6666666666666666,0.2,15,0.2081310619910558,0.7682034571965536,0.0236654845376809,0.0666666666666666,0.0,15,17.0,0.8792115270041851,-1.3626860472600897,-0.33182729233149677,0.7304945429195182,-0.628642172906313,1.294089979163808,0.6149104363810879,0.21150845938087193,-1.0077277932368782,0.5634837926034981,-0.35355339059327373,-1.222164828771827
BYND,2022-Q1,2022-05-11,standard,0.5919745955616236,0.2452591913752257,0.1627662100363522,0.6666666666666666,0.1666666666666666,12,0.2057824901798192,0.7446740409907173,0.0495434734860763,0.1176470588235294,0.0,17,16.6,0.7688373055267339,0.307157352994556,-0.9309586228215769,0.7304945429195182,-0.8638176620511213,-0.5328605796556857,0.5101601452445588,-0.39833853755427223,0.18048484439313434,1.7802323657540933,-0.35355339059327373,-0.4700633956814719
BYND,2022-Q2,2022-08-04,standard,0.2597466744482517,0.1842900915071368,0.5559632243588567,0.2,0.6,10,0.2305104196071624,0.676789132754008,0.0927004491910338,0.0666666666666666,0.0666666666666666,15,17.8,-1.691655716255294,-0.7912809615279585,2.097727022903128,-1.9152767369083885,2.1934636968313805,-1.7508276188686815,1.6130677907867623,-2.1578130210353486,2.162078701503951,0.5634837926034981,2.4748737341529163,-1.222164828771827
BYND,2022-Q3,2022-11-09,standard,0.3293979346752166,0.3348279369374116,0.3357741320505738,0.3333333333333333,0.3333333333333333,15,0.1581446284221278,0.8111102978388468,0.0307450825865897,0.0,0.0,18,23.2,-1.1758157496069477,1.9208558022432431,0.401672579640588,-1.1593420855289867,0.31205978367291815,1.294089979163808,-1.6145693879828982,1.323589085809118,-0.6826612709569151,-1.0276489569011231,-0.35355339059327373,-0.09401267913629438
COST,2020-Q1,2019-12-12,standard,0.3776892287035783,0.4658360580603282,0.1564747357430557,0.5,0.1666666666666666,6,0.1334051205217838,0.8305337965488434,0.0360610773414373,0.04,0.0,25,20.5,-1.3297096425735881,2.5052484497400718,-0.9248777710646116,-0.10095049752933123,-0.4605560983744005,-2.1267526708757005,-0.7595947924020753,1.1535097615185401,-0.9964636068445858,0.4088317780503131,-0.5015702264199101,1.4642805902759297
COST,2020-Q2,2020-03-05,standard,0.4006530711427331,0.3170029040426015,0.2823440302163362,0.4,0.3,10,0.0920022336596792,0.799708978696303,0.1082887770608067,0.0,0.0454545454545454,22,23.1,-0.9715562079656694,0.05472793621156988,0.8152474958239079,-0.9721671200427373,0.8598095078866779,0.9114654303752994,-2.0568247987713586,0.6067824415385757,0.7679058473987546,-0.83007182981292,0.4897685740335588,0.24404676504598877
COST,2021-Q2,2021-03-04,standard,0.4187814784753654,0.2506563425478008,0.3305621839438875,0.4444444444444444,0.3333333333333333,9,0.1978231214341663,0.6289406000148683,0.173236272519543,0.0952380952380952,0.1428571428571428,21,17.2,-0.6888181876471229,-1.0376604568055194,1.4818566793832733,-0.5849597322590017,1.1899009094519473,0.15191090506254945,1.2587418519045352,-2.422067184125307,2.354435358406735,2.1196986650995386,2.6140660035767085,-0.16269784336399154
COST,2021-Q3,2021-05-27,standard,0.4424805657731162,0.3047578872905837,0.2527615205488271,0.3333333333333333,0.3333333333333333,9,0.1743330573663115,0.7429633314410845,0.0827036167417342,0.0416666666666666,0.0416666666666666,24,18.4,-0.3191975749272792,-0.14688483573671474,0.406273466487992,-1.552978201718342,1.1899009094519473,0.15191090506254945,0.5227541401817396,-0.39969213984543506,0.14291466639365588,0.46045276171127913,0.4071570073291027,1.0575359818659493
COST,2021-Q4,2021-09-23,standard,0.5638191033568647,0.272634417646461,0.1635464775479502,0.6666666666666666,0.1111111111111111,9,0.1345664668170844,0.82249476629145,0.0429387667818981,0.0,0.0,17,12.9,1.5732476506950361,-0.6757940149324798,-0.8271119366956821,1.351077206659679,-1.0107084343165156,0.15191090506254945,-0.7232076373936007,1.0109247350996313,-0.8284562466258745,-0.83007182981292,-0.5015702264199101,-1.7896762770039127
COST,2022-Q1,2021-12-09,standard,0.4912912911838955,0.3474859638760487,0.1612227401799625,0.4444444444444444,0.1111111111111111,9,0.1930114236538825,0.7568872920844866,0.0501012949515943,0.0434782608695652,0.0,23,16.8,0.4420743680367253,0.5566279592943435,-0.8592372785002063,-0.5849597322590017,-1.0107084343165156,0.15191090506254945,1.1079823465842016,-0.15272848469941386,-0.653490880611588,0.516562526560159,-0.5015702264199101,0.650791373455969
COST,2022-Q2,2022-03-03,standard,0.5630578368902206,0.3120479427278042,0.1248942104168236,0.7,0.1,10,0.1806628221557253,0.7724150177978334,0.0469221578290065,0.0476190476190476,0.0,21,16.9,1.5613746289913368,-0.02685492364104624,-1.3614740854537013,1.641482747497481,-1.1207389015049387,0.9114654303752994,0.7210775287279347,0.12268050247623717,-0.7311504551479312,0.6448134176433094,-0.5015702264199101,-0.16269784336399154
COST,2022-Q3,2022-05-26,standard,0.4970726571977139,0.3149680353701115,0.1879593243822455,0.5,0.2,10,0.1506581289900673,0.7846238083309598,0.0647180548144711,0.0,0.0,18,16.1,0.5322429058178426,0.021224060968292973,-0.48960776786080723,-0.10095049752933123,-0.13046469680913028,0.9114654303752994,-0.21902571663345308,0.33922287947597174,-0.29643445042938843,-0.83007182981292,-0.5015702264199101,-1.3829316685939326
COST,2022-Q4,2022-09-22,standard,0.4367450757159127,0.2641226309869025,0.2991322866744465,0.5555555555555556,0.3333333333333333,9,0.1616455048677467,0.7479494114716848,0.0904050842371015,0.0,0.0,21,15.8,-0.40865061261423347,-0.81593958903986,1.0473427766627437,0.38305873720033917,1.1899009094519473,0.15191090506254945,0.12522935251800346,-0.31125605612301144,0.33104517663376065,-0.83007182981292,-0.5015702264199101,-0.16269784336399154
COST,2023-Q1,2022-12-08,standard,0.4378763160535267,0.2872776692467076,0.2748460099101066,0.5714285714285714,0.1428571428571428,7,0.1583784921941432,0.7684651640328494,0.0731563251888887,0.0,0.0,22,15.6,-0.39100732781305114,-0.43469458605865874,0.7115884212170901,0.5213470899802444,-0.6963356709210214,-1.3671981455629505,0.02286772528407689,0.05262354468420557,-0.09030540917353985,-0.83007182981292,-0.5015702264199101,0.24404676504598877
CVX,2020-Q4,2021-01-29,standard,0.4289507530629635,0.3280291662861903,0.2430200691645344,0.5,0.1666666666666666,6,0.1580587589683441,0.7381022601173475,0.1038389808784883,0.0,0.0769230769230769,26,16.9,-0.2552391684769539,0.347101671504059,0.0049234052672025306,-0.11527876179417582,-0.26658205087311454,1.8708286933869707,-1.2801346199202712,0.4338107094608755,2.131639300022623,-1.7375959057941792,2.1630510236819065,1.2500000000000002
CVX,2021-Q1,2021-04-30,standard,0.3855381868779659,0.0659387875348329,0.5485230799143513,0.3333333333333333,0.6666666666666666,3,0.2194357372143051,0.725249329751188,0.0553149382414465,0.1363636363636363,0.0,22,12.7,-0.5407843403028425,-2.048361148440244,1.8210098385826465,-0.953669756660908,1.7327833306752434,-0.9354143466934853,-0.15781889644199998,0.18667472928564857,-0.04841915047106782,0.6883152708729336,-0.5073823388883486,-0.7500000000000001
CVX,2021-Q2,2021-07-30,standard,0.5821008056402206,0.2484853111207485,0.1694138627499342,0.6,0.2,5,0.1808982187261184,0.7909471293290457,0.0281546598832522,0.0952380952380952,0.0,21,12.5,0.7521018371655397,-0.3799160409035297,-0.43263441961080223,0.3877558351258633,-0.13329102543655705,0.9354143466934853,-0.8625010782496834,1.4499111766547326,-1.2686594918506733,-0.04330873478857636,-0.5073823388883486,-1.2500000000000002
CVX,2021-Q3,2021-10-29,standard,0.6606211289763451,0.2582909278571605,0.0810879918280989,0.75,0.0,4,0.2457159949609866,0.7061239996781716,0.0481600127397821,0.1153846153846153,0.0,26,16.5,1.268567487302256,-0.29029432174465003,-0.957694436198584,1.1423077305059224,-0.9330371780559001,0.0,0.3227317485891967,-0.1810668719770679,-0.36987125864000125,0.3150981667703003,-0.5073823388883486,1.2500000000000002
CVX,2021-Q4,2022-01-28,standard,0.2893882468342781,0.3274530903436243,0.3831586597952992,0.25,0.5,4,0.2971839765933426,0.6439352702688087,0.0588807632553983,0.1818181818181818,0.0,22,13.4,-1.1732083954445454,0.34183643243478995,0.8379881682095794,-1.3728652540942738,1.0663282034924577,0.0,1.2638553863512956,-1.3768309631683047,0.11178405050281788,1.4969523297619725,-0.5073823388883486,-0.7500000000000001
CVX,2022-Q1,2022-04-29,standard,0.2736785225570202,0.3985684911410014,0.3277529506012797,0.3333333333333333,0.3333333333333333,3,0.1933037103153765,0.7605380453169346,0.0461582318724443,0.0416666666666666,0.0,24,13.6,-1.2765387514288262,0.9918194625145311,0.5086246161171887,-0.953669756660908,0.39987307630967156,-0.9354143466934853,-0.6356590494305465,0.8652056994235899,-0.45980604269167086,-0.9963452684792288,-0.5073823388883486,0.25000000000000006
CVX,2022-Q2,2022-07-29,standard,0.6515377759933472,0.2769384882412851,0.0715237213298678,0.75,0.0,4,0.313518162369728,0.6420564705133438,0.0444253725931048,0.12,0.04,25,15.7,1.2088219385772037,-0.11985869646282969,-1.0145499868321615,1.1423077305059224,-0.9330371780559001,0.0,1.5625360000105195,-1.4129565007610627,-0.5376588824416029,0.39720592967288104,0.8812430096481846,0.7500000000000001
CVX,2022-Q3,2022-10-28,standard,0.4702307979265849,0.4167146806915601,0.113054475436608,0.6666666666666666,0.0,3,0.2164174850014123,0.7173742096532475,0.0662083076736466,0.0909090909090909,0.0,22,13.1,0.016279392608168203,1.1576726410978753,-0.7676671855350693,0.7231122330725561,-0.9330371780559001,-0.9354143466934853,-0.2130094909085103,0.03525202108158011,0.4409914755695755,-0.1203217880161034,-0.5073823388883486,-0.7500000000000001
ETSY,2020-Q2,2020-08-05,standard,0.5772832980645555,0.3883814652051244,0.0343352345350597,0.5714285714285714,0.0,14,0.2075236476957798,0.7678353382008416,0.0246410251462033,0.1428571428571428,0.0,14,15.2,-0.7964600554695129,1.1571782586437218,-0.10205681238061916,-1.001277955793012,-0.4472135954999579,-0.730296743340222,-0.136922685809574,0.18207259653297908,-0.35124576743726593,0.5442764837912281,,0.6708203932499365
ETSY,2020-Q4,2021-02-25,standard,0.7075307913124561,0.2759363327175378,0.016532872741421,0.8,0.0,15,0.195759973355702,0.7846316950661796,0.0196083356360239,0.0,0.0,14,15.3,0.7598085546772859,-0.7054439348176078,-0.6697272824832727,0.7151985398521523,-0.4472135954999579,1.0954451150103315,-0.3198358783675245,0.3944426594202337,-0.667233891325787,-0.8997223507569283,,0.6708203932499365
ETSY,2021-Q1,2021-05-05,standard,0.5371044028018203,0.3704793171158859,0.0924162853376141,0.5714285714285714,0.0714285714285714,14,0.1908200396490948,0.7882054043667657,0.0209745535227869,0.0714285714285714,0.0,14,14.5,-1.276539571232313,0.8606341788425964,1.749995055530729,-1.001277955793012,1.7888543819998317,-0.730296743340222,-0.3966468320864435,0.43962798591638896,-0.5814529930629433,-0.17772293348285018,,0.6708203932499365
ETSY,2021-Q2,2021-08-04,standard,0.7311197879413763,0.2469246291865905,0.0219556054100394,0.8666666666666667,0.0,15,0.1604442882041136,0.8117453952630361,0.0278103400487452,0.0,0.0,12,15.0,1.0416628467101876,-1.186014695609129,-0.4968106077791557,1.2158375177486582,-0.4472135954999579,1.0954451150103315,-0.8689589271449625,0.7372633235724375,-0.1522535848198949,-0.8997223507569283,,-1.5652475842498532
ETSY,2021-Q3,2021-11-03,standard,0.6666655521839857,0.3108955780044198,0.0224388768630368,0.7142857142857143,0.0,14,0.3270997513945286,0.6147582129790232,0.058142031614597,0.2307692307692307,0.0,13,13.5,0.2715282253143537,-0.12635380705958088,-0.4814003528876808,0.07151985398521574,-0.4472135954999579,-0.730296743340222,1.7223643234085033,-1.7534065654420408,1.7521862366458911,1.4328911512054783,,-0.44721359549995837
FDX,2019-Q4,2019-06-25,standard,0.4506679612856645,0.3312467346684291,0.2180853071264349,0.4615384615384615,0.2307692307692307,13,0.1717765254278977,0.7756513054172198,0.0525721588482459,0.0666666666666666,0.0,15,13.8,-1.2277546810579156,1.891387707953782,0.2067254701820907,-1.2874507747455355,0.1920439541608696,1.7195706082982096,-1.4982677903334005,2.1110302160572956,-0.5079431016349742,-0.9900460992403157,-0.8958570655195716,-0.9667800487686624
FDX,2020-Q1,2019-09-17,standard,0.5198790041419367,0.2550513207291563,0.2250696669022242,0.6666666666666666,0.25,12,0.1978096254169941,0.6683667429855892,0.1338236413097807,0.1428571428571428,0.0714285714285714,14,12.2,-0.6258828099637863,0.6963977536423385,0.2768702532842077,0.1417429531246543,0.33627864662412865,0.9984603532054122,-1.0048657837117025,-0.043968145117082934,1.0767643001389235,0.3480545950148591,0.5924677717653395,-1.5380591684955989
FDX,2020-Q2,2019-12-17,standard,0.653335231271657,0.1337646306915716,0.212900144894692,0.8181818181818182,0.0909090909090909,11,0.2117976387341817,0.6125066270430882,0.1756957440947492,0.0666666666666666,0.1333333333333333,15,12.7,0.5346769189010517,-1.2057689082792422,0.15465024900639018,1.1973974112105905,-0.8569356273901011,0.2773500981126147,-0.7397527605895201,-1.1660164210543973,1.8934267067921204,-0.9900460992403157,1.882349297412263,-0.9667800487686624
FDX,2020-Q3,2020-03-17,standard,0.5687232285060666,0.2852674712511626,0.1460092899982225,0.6363636363636364,0.1818181818181818,11,0.1786669448483735,0.6728784078732133,0.1484546380816027,0.0625,0.125,16,12.7,-0.20112451277658838,1.1702844938671215,-0.5171428227784578,-0.06938793849253265,-0.17509889938196993,0.2773500981126147,-1.3676745544163635,0.04665654699734778,1.3621233874714251,-1.0632234809573944,1.708711399729024,-0.3955009290417259
FDX,2020-Q4,2020-06-30,standard,0.5730202465572141,0.2111652109094641,0.2158145295794714,0.6363636363636364,0.1818181818181818,11,0.2881360736209899,0.683453157544136,0.0284107602783478,0.125,0.0,16,13.2,-0.16375685889019712,0.00812194205428059,0.18391977236322204,-0.06938793849253265,-0.17509889938196993,0.2773500981126147,0.707079809150031,0.25906891737160676,-0.9791806223664026,0.03443724479880362,-0.8958570655195716,-0.3955009290417259
FDX,2021-Q3,2021-03-18,standard,0.6980723085051234,0.2087436218492009,0.0931840710003267,0.7272727272727273,0.0909090909090909,11,0.2911724271252751,0.6857324484735727,0.0230951210833154,0.1875,0.0,16,13.1,0.9237187144091049,-0.029856388279239837,-1.0476729855821738,0.5640047363590289,-0.8569356273901011,0.2773500981126147,0.7646274278529361,0.30485246820359035,-1.0828554418568057,1.1320979705550016,-0.8958570655195716,-0.3955009290417259
FDX,2021-Q4,2021-06-24,standard,0.7505383541186651,0.1653820156740645,0.0840796357564007,0.8333333333333334,0.0833333333333333,12,0.3397582858386967,0.6096394033067756,0.0506023157181011,0.2222222222222222,0.0555555555555555,18,14.3,1.3799730307601639,-0.7099062902772079,-1.13910994701509,1.302962857019184,-0.9137553547241122,0.9984603532054122,1.6854689792886484,-1.2236096321635135,-0.5463624005093268,1.7419094848640004,0.26172891903535855,0.7470573104121471
FDX,2022-Q1,2021-09-21,standard,0.6694366544485092,0.1522788140922784,0.1782845184206962,0.7,0.2,10,0.2497278890131335,0.6863074883034355,0.0639646260165854,0.1052631578947368,0.0,19,13.8,0.6746978360089659,-0.9154067718682874,-0.19299873943477733,0.3739869339035601,-0.03873155378034343,-0.44376015698018273,-0.020865589751759495,0.31640315045346107,-0.28574743825516424,-0.31219245807157553,-0.8958570655195716,1.3183364301390836
FDX,2022-Q2,2021-12-16,standard,0.6217405030673201,0.2850059805945916,0.0932535150257701,0.6363636363636364,0.0909090909090909,11,0.2413830171572044,0.7327763708308339,0.025840608344879,0.0625,0.0,16,12.9,0.25992339119385516,1.1661834766064543,-1.0469755507049858,-0.06938793849253265,-0.8569356273901011,0.2773500981126147,-0.17902487621556373,1.2498120531179515,-1.0293081852029289,-1.0632234809573944,-0.8958570655195716,-0.3955009290417259
FDX,2022-Q3,2022-03-17,standard,0.6929274704307318,0.1650227230042219,0.1420498062856495,0.8,0.1,10,0.3173045356525108,0.6216623475775123,0.0610331032075919,0.125,0.0625,16,12.4,0.8789782627337729,-0.715541158688866,-0.5569084040386828,1.0707188762402782,-0.7887519545892878,-0.44376015698018273,1.2599059306049873,-0.982107736525548,-0.3429230829713117,0.03443724479880362,0.40642716710472615,-0.3955009290417259
FDX,2022-Q4,2022-06-23,standard,0.679608972536193,0.1389310910469955,0.181459946040478,0.6666666666666666,0.2222222222222222,9,0.2591881103813648,0.7022932693362236,0.0385186214465647,0.1,0.0,20,13.9,0.7631581722231323,-1.1247421390172443,-0.16110752981837506,0.1417429531246543,0.12793964639942182,-1.1648704120729803,0.1584327730296913,0.6375055639503188,-0.7820395743004875,-0.4046270455036755,-0.8958570655195716,1.88961554986602
FDX,2023-Q1,2022-09-22,standard,0.4126717611216008,0.2384224808774888,0.3489057258702814,0.375,0.5,8,0.2251566880279117,0.6538040820095274,0.1210392314112848,0.1111111111111111,0.0555555555555555,18,12.7,-1.5581765782499994,0.43560388761736,1.5205710040167504,-1.8903918786907716,2.2113296486464895,-1.8859806671657775,-0.48656041197005995,-0.33648469946990783,0.8274205542811296,-0.20948736092479606,0.26172891903535855,0.7470573104121471
FDX,2023-Q2,2022-12-20,standard,0.4034430788209041,0.1681332788947555,0.4284236447678672,0.4444444444444444,0.4444444444444444,9,0.2888967519005139,0.6121518727805879,0.0989513774402439,0.2222222222222222,0.0555555555555555,18,13.2,-1.6384308852915563,-0.6667576053312532,2.3191792305198784,-1.4065502520680513,1.7946516481970758,-1.1648704120729803,0.7214968470620686,-1.1731422818211314,0.39662489841380283,1.7419094848640004,0.26172891903535855,0.7470573104121471
GOOGL,2020-Q3,2020-10-29,standard,0.6330775786191225,0.2232745210640132,0.1436479114927351,0.75,0.125,8,0.2449452274789413,0.7412990729014078,0.0137557021807879,0.0833333333333333,0.0,12,10.0,0.6262095279669475,-1.4115070794615439,0.7074313550449312,0.8862825164677037,0.369935275914335,-0.9995411791453811,-0.6217876425523606,0.8377715422053319,-0.7005419331545419,-0.015858651906565723,-0.31622776601683794,0.08352690695845534
GOOGL,2020-Q4,2021-02-02,standard,0.6912194625897841,0.2690539050169966,0.0397266453047367,0.7272727272727273,0.0,11,0.2740819698030298,0.7116172340783206,0.0143007949333299,0.0909090909090909,0.0,11,10.6,1.1530238069231544,-0.9204668379744986,-0.46917619775411806,0.7528062338671461,-0.6559356572934848,0.3634695196892299,0.3458654647529391,0.10318377583464708,-0.6753009906825633,0.07547915337808483,-0.31622776601683794,-0.751742162626101
GOOGL,2021-Q1,2021-04-27,standard,0.6582729369401932,0.3238849472254514,0.017842106334865,0.8,0.0,10,0.2396739335222677,0.7461304447867654,0.0141956138170578,0.0909090909090909,0.0,11,10.2,0.8545006258896742,-0.33233642025900695,-0.716955259595937,1.1799303381889312,-0.6559356572934848,-0.09086737992230708,-0.7968512759523726,0.9573418526205467,-0.6801714838098005,0.07547915337808483,-0.31622776601683794,-0.751742162626101
GOOGL,2021-Q2,2021-07-27,standard,0.610246804356575,0.3708216451108456,0.0189315672032535,0.7,0.0,10,0.2575879552616523,0.7273730635643005,0.015038994857325,0.0,0.0,13,11.1,0.41934354668562146,0.1711174376592018,-0.7046202685662283,0.5926346947464762,-0.6559356572934848,-0.09086737992230708,-0.20191315254661987,0.4931205199295186,-0.6411180709363619,-1.0205745100377186,-0.31622776601683794,0.9187959765430117
GOOGL,2021-Q3,2021-10-26,standard,0.6372708136385138,0.3436419486322186,0.0190872344273057,0.7272727272727273,0.0,11,0.2789435294958261,0.7050521087187988,0.0160043620002957,0.1538461538461538,0.0,13,11.6,0.66420375746851,-0.12041826181889967,-0.7028577878126572,0.7528062338671461,-0.6559356572934848,0.3634695196892299,0.5073215153559381,-0.059294728362453954,-0.5964159970114581,0.8342855357428715,-0.31622776601683794,0.9187959765430117
GOOGL,2021-Q4,2022-02-01,standard,0.5867466181516647,0.4002246288582682,0.0130287464708089,0.5,0.0,12,0.2647570637719972,0.7193858378699848,0.0158570931692208,0.0714285714285714,0.0,14,13.1,0.206412131234353,0.4865006296786118,-0.7714526284034222,-0.5819565921384322,-0.6559356572934848,0.8178064193007669,0.03617832828817673,0.2954468408405328,-0.603235394399778,-0.15938948878244474,-0.31622776601683794,1.7540650461275682
GOOGL,2022-Q1,2022-04-26,standard,0.414067217707634,0.5749660730361938,0.0109667075797915,0.4,0.0,5,0.323322481052442,0.6349789730527184,0.0416985320943323,0.2727272727272727,0.0,11,8.1,-1.3582082013543826,2.360817702950013,-0.7947992505370222,-1.1692522355808865,-0.6559356572934848,-2.362551877979992,1.9811798449883375,-1.793515728561992,0.5933724677670014,2.2675864802096917,-0.31622776601683794,-0.751742162626101
GOOGL,2022-Q2,2022-07-26,standard,0.5771861699494448,0.3188272501257332,0.1039865845814347,0.6363636363636364,0.0909090909090909,11,0.2092393698791662,0.7582290718952814,0.0325315395214905,0.0,0.0,12,11.2,0.11978644451439555,-0.38658644703447875,0.2583816223997611,0.2189011034649146,0.09015229413038406,0.3634695196892299,-1.8076060045062412,1.2567674885041196,0.16888777026714494,-1.0205745100377186,-0.31622776601683794,0.08352690695845534
GOOGL,2022-Q3,2022-10-25,standard,0.3649589186534285,0.3743070190151532,0.2607340638836224,0.3333333333333333,0.3333333333333333,12,0.2818511519581079,0.6719127843777338,0.0462360638193786,0.0833333333333333,0.0,12,11.5,-1.8031706172620188,0.20850236283428833,2.0330931400166055,-1.560782664542523,2.079720164594035,0.8178064193007669,0.603885842252962,-0.8794508646393404,0.8034863918699395,-0.015858651906565723,-0.31622776601683794,0.08352690695845534
GOOGL,2022-Q4,2023-02-02,standard,0.4666128101137777,0.3496827635293205,0.1837044111452996,0.4166666666666667,0.25,12,0.2622743964195251,0.6585011929273605,0.0792244079522788,0.0,0.1,10,10.9,-0.8821010220662538,-0.0556230865736866,1.1609552752080872,-1.0713696283404774,1.3958062091221548,0.8178064193007669,-0.046272920080757216,-1.2113706983708936,2.3310372400904162,-1.0205745100377186,2.846049894151542,-1.5870112322106575
JNJ,2019-Q2,2019-07-16,standard,0.6001069554342673,0.1770446903717059,0.2228483407973097,0.6923076923076923,0.1538461538461538,13,0.4487387500703335,0.5287036951631308,0.0225575549993664,0.4,0.0,20,16.3,0.1962493460973459,-1.4027822983522689,0.581146830604968,0.37997538417480403,-0.21609755309191175,-0.4467074113020929,0.5710269226714617,-0.3971072526817382,-0.5494377734608664,0.455401170352831,-0.474033454821435,2.0446626032894337
JNJ,2020-Q4,2021-01-26,standard,0.4243088358719098,0.2633592718722005,0.3123318867659883,0.3684210526315789,0.3684210526315789,19,0.4167308276519179,0.5345207061618567,0.0487484541954472,0.375,0.0,16,18.0,-1.6154658833275644,0.42694786901958615,1.6845172127411996,-1.8163442762146713,1.8618402367757665,1.4677529228497335,0.03046475726648669,-0.28747855216889645,0.5800175585311034,0.25676890434583977,-0.474033454821435,0.34077710054823923
JNJ,2021-Q1,2021-04-20,standard,0.6577606879706893,0.240167950812195,0.1020713443202631,0.5714285714285714,0.1428571428571428,14,0.4337126972044215,0.550711037043263,0.0155762652592623,0.4117647058823529,0.0,17,15.4,0.7904089737967535,-0.06467080104782437,-0.9080851763920508,-0.4397224890776967,-0.32251485230346416,-0.1276306889434552,0.3172611340486502,0.017648073135795247,-0.8504986443423568,0.5488751778855324,-0.474033454821435,0.7667484762335379
JNJ,2021-Q2,2021-07-21,standard,0.7410409008397868,0.2290086829544682,0.0299504037309241,0.8421052631578947,0.0,19,0.3624180480837822,0.5655975222587586,0.0719844208409388,0.2,0.1333333333333333,15,17.1,1.648666333661024,-0.30122931399095704,-1.7973672104984888,1.3957732271049361,-1.7059397420536426,1.4677529228497335,-0.8867904568870787,0.2982021291167574,1.5820444925916644,-1.133656957703098,1.9725908281279065,-0.08519427513705943
JNJ,2021-Q3,2021-10-19,standard,0.4765200514812022,0.2520930975054701,0.2713868533416341,0.5833333333333334,0.25,12,0.4529815511061595,0.5270226643635676,0.0199957934852976,0.3846153846153846,0.0,13,12.4,-1.0773949716384899,0.1881231101975791,1.1796474438138072,-0.35899466822707116,0.7150538150091709,-0.7657841336607306,0.6426809864787719,-0.42878833805677674,-0.6599110786992676,0.33316592973314374,-0.474033454821435,-0.9371370265076567
JNJ,2021-Q4,2022-01-25,standard,0.570113625480897,0.2341386823811465,0.1957477057456142,0.7222222222222222,0.1666666666666666,18,0.4424896878190338,0.5364376702345908,0.0210726474178954,0.4375,0.0,16,16.9,-0.11285164311097508,-0.1924815850856177,0.24698441304062327,0.5828299083635542,-0.09194403734510097,1.1486762004910958,0.4654903440033779,-0.2513510151452126,-0.6134728710286005,0.7533495693633175,-0.474033454821435,0.34077710054823923
JNJ,2022-Q1,2022-04-19,standard,0.4743134135549718,0.3545329242267392,0.1711536515504121,0.4545454545454545,0.2727272727272727,11,0.3813768550753593,0.539292327594012,0.0793308184365741,0.25,0.125,16,13.5,-1.1001358265846666,2.359682515732987,-0.05627079082822791,-1.232322911974743,0.9351441383785173,-1.0848608560193684,-0.566606796514123,-0.19755149907221245,1.898850260625963,-0.7363924256891158,1.8196768104435732,0.34077710054823923
JNJ,2022-Q2,2022-07-19,standard,0.6413386470892213,0.199004737321626,0.1596566094085574,0.7272727272727273,0.1818181818181818,11,0.4840436998222555,0.4912417461829526,0.0247145555248217,0.5,0.0,14,12.3,0.6211690431464103,-0.9372646571534773,-0.19803423620996122,0.6170780747850317,0.05478284490113056,-1.0848608560193684,1.1672705600414588,-1.1031235875786212,-0.45641936556483176,1.2499302343807952,-0.474033454821435,-0.5111656508223581
JNJ,2022-Q3,2022-10-18,standard,0.601003213857229,0.257522373388593,0.141474413112379,0.6153846153846154,0.1538461538461538,13,0.4466811613394664,0.533342006114813,0.0199768279607479,0.3846153846153846,0.0,13,12.9,0.20548587853820688,0.3032150181653835,-0.4222284906756081,-0.141650535167696,-0.21609755309191175,-0.4467074113020929,0.5362775688917719,-0.3096925989499885,-0.6607289472522452,0.33316592973314374,-0.474033454821435,-0.9371370265076567
JNJ,2022-Q4,2023-01-24,standard,0.6241344762966037,0.2253145088574716,0.1505510241591504,0.7857142857142857,0.0714285714285714,14,0.2800961186488469,0.690876747171084,0.0290271401560554,0.0833333333333333,0.0,12,13.0,0.443868749421957,-0.37953985748539115,-0.3103099955962607,1.0133782862335545,-1.0142272971785533,-0.1276306889434552,-2.277075020000779,2.6592426414009,-0.2704436314005613,-2.06060753240239,-0.474033454821435,-1.3631084021929554
LULU,2020-Q4,2021-03-30,standard,0.6669501097251972,0.2545561302039358,0.0784937525685462,0.7777777777777778,0.1111111111111111,18,0.3022995851933956,0.6786693558096886,0.0190310728503391,0.125,0.0,8,12.7,-0.34732211531887136,0.6649564218867048,-0.13858703392306568,-0.041489215467466235,0.33537012923457815,2.075590165269024,-0.8937707227820999,0.8872404659145253,0.2904186674697649,-0.9593116877220585,,-1.7763997287661153
LULU,2021-Q2,2021-09-08,standard,0.6898398127120274,0.2473388739789907,0.0628213255594556,0.7692307692307693,0.0769230769230769,13,0.2454631110387189,0.7385427142892566,0.0159941764016236,0.1428571428571428,0.0,14,13.0,0.016275524042693452,0.49658622565642757,-0.46576731737202764,-0.1422220404087472,-0.13721679797440903,-0.06104676956673577,-1.4928387460771706,1.522287766400803,-0.47933444279698156,-0.8711824374282447,,0.4179764067684975
LULU,2021-Q3,2021-12-09,standard,0.7910962725679079,0.1856059649338325,0.0232977683190256,0.9166666666666666,0.0,12,0.4816511294671467,0.5005910814340625,0.0177577714036617,0.5,0.0,14,12.5,1.6247109762147862,-0.9435707655661221,-1.2908679002833092,1.5954191898283547,-1.2005373841946294,-0.48837415653388766,0.9966311133802436,-1.001548309081081,-0.03232126306083872,0.8914025684480373,,0.4179764067684975
LULU,2021-Q4,2022-03-29,standard,0.7155427101201245,0.1886623177145208,0.09579496790788,0.7857142857142857,0.0714285714285714,14,0.4177095185626637,0.5686117329380729,0.013678758659146,0.3636363636363636,0.0,11,11.9,0.4245601063159358,-0.87226960881145,0.22259611502070636,0.05204840769229466,-0.21316826841871062,0.3662806174004161,0.3226735004114018,-0.28008667385845404,-1.066216491275385,0.2184155662043659,,-0.6792116609988089
LULU,2022-Q1,2022-06-02,standard,0.5788675402714447,0.2656657181002877,0.155466744760898,0.6363636363636364,0.1818181818181818,11,0.3520699609071016,0.6219585291109979,0.0259715061984024,0.1875,0.0,16,13.4,-1.7464933645357017,0.9241301904001699,1.4683143980504707,-1.7081595917686665,1.3127658195986192,-0.9157015435010396,-0.3691808174279961,0.2857365864279828,2.0495896653911556,-0.6508593116937093,,1.1494351186133684
LULU,2022-Q2,2022-09-01,standard,0.6938155423849821,0.1698260158300399,0.1363584460535397,0.75,0.1666666666666666,12,0.3988234767069419,0.5854594881335894,0.0157170543291916,0.25,0.0,12,11.5,0.07942907062465492,-1.3116986308241634,1.0694062657187895,-0.3688708965266307,1.1033238859491812,-0.48837415653388766,0.12361076946885856,-0.10139081099287692,-0.5495757502568804,-0.3424069356653599,,-0.3134823050763734
LULU,2022-Q3,2022-12-08,standard,0.6855945056304336,0.270712518133223,0.0436929524100075,0.8333333333333334,0.0,12,0.511654703815778,0.4712986230850219,0.0170466764519611,0.6666666666666666,0.0,15,13.5,-0.051160197343493995,1.041866167258432,-0.8650945272115644,0.6132741466508627,-1.2005373841946294,-0.48837415653388766,1.3128749030267601,-1.3122390248108993,-0.2125603854708357,1.7139422378569686,,0.783705762690933
MA,2020-Q4,2021-01-28,standard,0.5821739029712402,0.2570190392434597,0.1608070732595828,0.6153846153846154,0.1538461538461538,13,0.1142547329997315,0.8598596278358909,0.025885640479186,0.0,0.0,17,15.3,-1.6713759915734647,0.40517766460814314,1.750423002529117,-1.4573647680331285,1.7801652966714656,2.0000000000000004,-1.7655303352764853,1.7595072346383533,-0.43344020189630694,-0.6027962867863099,,-0.18490006540840925
MA,2021-Q1,2021-04-29,standard,0.6609415039420128,0.2334162764251232,0.1056422396562993,0.7,0.1,10,0.1906279822190602,0.7770605087280273,0.0323115084320306,0.0,0.0,18,14.0,-0.4952784721516733,-0.12580226631159624,0.7223776360400084,-0.7172993763856232,0.8782611534327731,-1.0000000000000002,0.611261409312691,-0.6352262207729079,0.24518676768512426,-0.6027962867863099,,1.47920052326728
MA,2021-Q2,2021-07-29,standard,0.7934499233961105,0.1913272984325885,0.015222774259746,0.9,0.0,10,0.1696300778318853,0.8104547262191772,0.0199152018107912,0.0,0.0,17,13.5,1.4832358091236113,-1.0726576323112276,-0.9626689120894522,1.0319460947812096,-0.7967036840105147,-1.0000000000000002,-0.04220883467005943,0.3306083280120648,-1.0639699187123761,-0.6027962867863099,,-0.18490006540840925
MA,2021-Q3,2021-10-28,standard,0.7212564960122109,0.2645709335803985,0.0141725442372262,0.8,0.0,10,0.14303718548682,0.8370337453153398,0.0199290609711574,0.0,0.0,18,14.1,0.40529881703130555,0.5750689762399208,-0.9822408755646572,0.15732335919779367,-0.7967036840105147,-1.0000000000000002,-0.869799223144767,1.0993322821724707,-1.0625062720782907,-0.6027962867863099,,1.47920052326728
MA,2021-Q4,2022-01-27,standard,0.7366403178735212,0.2470643532208421,0.0162953351708975,0.8181818181818182,0.0,11,0.1440780530957614,0.8081891221158645,0.0477328261031824,0.0,0.0,17,14.2,0.6349982684215716,0.18123191142238468,-0.9426807927938107,0.31634567475841485,-0.7967036840105147,0.0,-0.8374066568282866,0.26508205187074196,1.8738106601965685,-0.6027962867863099,,-0.18490006540840925
MA,2022-Q1,2022-04-28,standard,0.6522416217873493,0.2357895245465139,0.1119688554899767,0.75,0.0833333333333333,12,0.2153503322042524,0.7475727424025536,0.037076920911204,0.125,0.0,16,14.7,-0.6251784525402879,-0.07241245202373453,0.8402797064086489,-0.27998800859391476,0.5991003471922245,1.0000000000000002,1.3806391423838948,-1.4880775711957321,0.7484553460746601,2.1919864974047636,,-1.8490006540840984
MA,2022-Q2,2022-07-28,standard,0.7727146013216539,0.1628123413432728,0.0644730566154149,1.0,0.0,11,0.1807273196823456,0.7969234217615688,0.0223492461749736,0.0588235294117647,0.0,17,15.5,1.1736318532378756,-1.7141448201459308,-0.04484642869104208,1.9065688303646255,-0.7967036840105147,0.0,0.30314550192674333,-0.06074689205709382,-0.8069138816426067,0.7123956116565481,,-0.18490006540840925
MA,2022-Q3,2022-10-27,standard,0.669719937172803,0.2385594861751253,0.0917205641638826,0.7272727272727273,0.0909090909090909,11,0.1779853486839462,0.7842877472148222,0.0377269106204895,0.0,0.0,17,14.7,-0.36420562722685346,-0.010097965981118362,0.4629349250065777,-0.47876590304469097,0.7259916227561103,0.0,0.21781334571347485,-0.42619851635956724,0.81709985447547,-0.6027962867863099,,-0.18490006540840925
MA,2022-Q4,2023-01-26,standard,0.6578709117390893,0.3205159345472401,0.0216131692498245,0.7272727272727273,0.0,11,0.2031863046919598,0.7698323446161607,0.0269813641138813,0.0588235294117647,0.0,17,14.2,-0.5411262043220897,1.8336365845031601,-0.8435782608453889,-0.47876590304469097,-0.7967036840105147,0.0,1.002085650582793,-0.8442806963083394,-0.31772235410224337,0.7123956116565481,,-0.18490006540840925
META,2019-Q2,2019-07-24,standard,0.3601396884769201,0.547360920968155,0.0924993916414678,0.25,0.0833333333333333,12,0.1645400302813333,0.8112344741821289,0.0242255017270936,0.0,0.0,17,13.4,0.07722743336630389,0.5950781932835887,-0.7566612294483656,-0.21758536586503932,-0.6094991111691754,-0.9752368720068675,1.0240940535591327,0.27211872388474984,-1.1178935486489665,-0.35355339059327373,,0.9130506104936543
META,2020-Q1,2020-04-29,standard,0.3611690774559974,0.4754491736491521,0.1633817534893751,0.4,0.1333333333333333,15,0.1335835368014299,0.8073809238580557,0.059035538480832,0.0,0.0,13,13.5,0.12821174708801542,-0.7894527284641676,0.8952771861891068,1.6362759048082227,0.14769432386693343,1.3653316208096145,-1.0029319561103816,-0.07126149697221446,0.9637704869285046,-0.35355339059327373,,-1.74309662003334
META,2020-Q4,2021-01-27,standard,0.3482895945509275,0.5860666088759899,0.0656438006088137,0.3333333333333333,0.0,15,0.1338859674121652,0.8056440736566272,0.0604699541415487,0.0,0.0,14,14.1,-0.5096924954793315,1.340286365158374,-1.3825402400361073,0.8123375622867726,-1.8714881695626897,1.3653316208096145,-0.9831288503587984,-0.2260278696951235,1.0495495257185854,-0.35355339059327373,,-1.0790598124015915
META,2021-Q1,2021-04-28,standard,0.3539801382770141,0.5594122263913354,0.0866076478268951,0.1666666666666666,0.0833333333333333,12,0.1742306349470335,0.7944324472371269,0.0313369258690406,0.0588235294117647,0.0,17,13.9,-0.22784717512437427,0.8271043312635573,-0.8939703947844587,-1.2475082940168523,-0.6094991111691754,-0.9752368720068675,1.6586332244620372,-1.2250678282610423,-0.6926255151000327,2.4748737341529163,,0.9130506104936543
META,2021-Q3,2021-10-25,standard,0.3202020841149183,0.552633282656853,0.1271646375982807,0.2307692307692307,0.1538461538461538,13,0.1459666551090777,0.8320644982159138,0.0219688254292123,0.0,0.0,16,14.3,-1.9008308045516598,0.6965880030266142,0.05122454058924039,-0.4552598877462276,0.4583377843945675,-0.1950473744013735,-0.19208744277065085,2.1282300113108903,-1.2528443366206317,-0.35355339059327373,,0.24901380286190572
META,2021-Q4,2022-02-02,standard,0.3920838827124008,0.4782779616518662,0.1296381510507602,0.3076923076923077,0.1538461538461538,13,0.1337120469440432,0.8059762628639445,0.0603116990121848,0.0,0.0,17,14.3,1.6593823365097498,-0.7349895203397315,0.10887064305002642,0.4954381997785231,0.4583377843945675,-0.1950473744013735,-0.9945171334899635,-0.19642732116657363,1.0400857606104625,-0.35355339059327373,,0.9130506104936543
META,2022-Q1,2022-04-27,standard,0.3663803450763225,0.4957157981892426,0.1379038728773594,0.1666666666666666,0.1666666666666666,12,0.1495533343404531,0.7983715385198593,0.052075118641369,0.0,0.0,16,13.8,0.38631913763011827,-0.39925544636040916,0.30150620233952624,-1.2475082940168523,0.6524899472243387,-0.9752368720068675,0.042767712741687454,-0.8740652667554509,0.5475326140749528,-0.35355339059327373,,0.24901380286190572
META,2022-Q2,2022-07-27,standard,0.3663987320448671,0.4367072165810636,0.1968940598224955,0.2857142857142857,0.2142857142857142,14,0.1557293226321538,0.8103409727414449,0.0339297143742442,0.0,0.0,15,14.2,0.38722982056118105,-1.5353591975678356,1.6762932921010318,0.22381017477145135,1.3736265520206323,0.5851421232041205,0.4471703919669316,0.19250104765474485,-0.5375749869628751,-0.35355339059327373,,-0.4150230047698429
MSFT,2021-Q2,2021-01-26,standard,0.6733613034540956,0.3041501536288045,0.022488573312082,0.6363636363636364,0.0,11,0.1797480441629886,0.7988921165466308,0.0213598258793354,0.0,0.0,10,10.1,1.79549265410094,-0.5379818695247207,-1.2835174243169387,1.7483296568494262,-1.304271433322802,-2.4444444444444438,-0.09092041421799968,0.23244833762228043,-0.37926305327270976,-0.3333333333333333,,-0.5039526306789699
MSFT,2021-Q3,2021-04-27,standard,0.5177633312841257,0.3653277907520532,0.1169088852281371,0.5333333333333333,0.0666666666666666,15,0.201479809731245,0.7774767577648163,0.0210434397682547,0.0,0.0,10,12.5,0.37164496008432635,0.7795609262666363,-0.5757598124873788,0.7157817678343729,-0.8593625992147198,0.22222222222222257,0.5943380156524389,-0.5016541109869449,-0.410049152498875,-0.3333333333333333,,-0.5039526306789699
MSFT,2021-Q4,2021-07-27,standard,0.4981685740252335,0.3531149531404177,0.1487164756904045,0.4,0.2,15,0.2104346506297588,0.7749140143394471,0.0146513341926038,0.0,0.0,10,12.5,0.19233703242436992,0.5165410227851859,-0.3373358568067246,-0.620456676773343,0.030455069001446407,0.22222222222222257,0.8767071676010765,-0.5895030348778819,-1.0320359895440694,-0.3333333333333333,,-0.5039526306789699
MSFT,2022-Q1,2021-10-26,standard,0.5160333774983883,0.3938687288069299,0.0900979137846401,0.5,0.0714285714285714,14,0.1806605150076476,0.7912418463013389,0.0280976516448638,0.0,0.0,11,12.1,0.35581447929961046,1.3942284598226193,-0.77673001407441,0.3817221566824439,-0.8275833967784278,-0.444444444444444,-0.062147862979598276,-0.029797192644538402,0.2763642493216903,-0.3333333333333333,,0.6299407883487119
MSFT,2022-Q2,2022-01-25,standard,0.5460650386909643,0.3845979162802299,0.0693370442216595,0.5333333333333333,0.0666666666666666,15,0.2249738946557045,0.7507431859319861,0.0242829221216115,0.0909090909090909,0.0,11,12.8,0.6306285462196312,1.194569028205832,-0.9323497442280622,0.7157817678343729,-0.8593625992147198,0.22222222222222257,1.3351669048658603,-1.4180609170786802,-0.09482979969227778,2.6666666666666665,,0.6299407883487119
MSFT,2022-Q3,2022-04-26,standard,0.4835331119596958,0.2657832399010658,0.2506836575145523,0.4666666666666667,0.2666666666666666,15,0.1567221817870935,0.8231997440258662,0.0200780741094301,0.0,0.0,12,13.0,0.05841067964311346,-1.3642650206194962,0.4269917293699739,0.047662545530514924,0.47536390310952875,0.22222222222222257,-0.8169850429091259,1.065695589475026,-0.5039845116099015,-0.3333333333333333,,1.7638342073763937
MSFT,2022-Q4,2022-07-26,standard,0.3938976657809689,0.3062141091795638,0.2998882352840155,0.375,0.3125,16,0.1413473528292444,0.8081972897052765,0.0504553449443644,0.0,0.0,9,12.0,-0.7618263810578761,-0.49353180746596337,0.795820361117753,-0.87100138513729,0.7812387265588361,0.8888888888888892,-1.3017929209478878,0.5514226994384973,2.451890102955117,-0.3333333333333333,,-1.6378460497066518
MSFT,2023-Q1,2022-10-25,standard,0.3296760363737121,0.3110285636503249,0.359295402711723,0.3125,0.375,16,0.21016664667563,0.7627171846953306,0.0271161729469895,0.0,0.0,11,13.3,-1.3495063981060686,-0.3898460474089413,1.2411257630060057,-1.497363156047157,1.1983407585351638,0.8888888888888892,0.8682563140232326,-1.0076012137708181,0.1808610033735182,-0.3333333333333333,,0.6299407883487119
MSFT,2023-Q2,2023-01-24,standard,0.3358515352631608,0.2780875705182552,0.386060886643827,0.4,0.4,15,0.1381497308611869,0.8416177153587341,0.0202325532212853,0.0,0.0,10,12.5,-1.292995572608044,-1.0992746920611498,1.4417549984197817,-0.620456676773343,1.365181571325695,0.22222222222222257,-1.4026221610879983,1.6970498428230636,-0.4889528490324916,-0.3333333333333333,,-0.5039526306789699
NFLX,2020-Q4,2021-01-19,interview,,,,,,0,0.1426062438298355,0.835618181662126,0.0217755714177408,0.0,0.0,22,10.7,,,,,,,-0.7773354539501689,1.6203333661348058,-1.021779069799135,-0.6317879873947724,,-0.41666666666666785
NFLX,2021-Q1,2021-04-20,interview,,,,,,0,0.1256860538345316,0.8210696655771007,0.0532442750409245,0.0,0.0,23,11.5,,,,,,,-1.544061831685387,0.7825738540694893,1.9054764034461604,-0.6317879873947724,,0.33333333333333215
NFLX,2021-Q2,2021-07-20,interview,,,,,,0,0.1696405390277505,0.7929695874452591,0.0373898754827678,0.05,0.0,20,9.6,,,,,,,0.44770440892813684,-0.8355367220984555,0.43068168557793557,1.0070605513360285,,-1.9166666666666679
NFLX,2021-Q3,2021-10-19,interview,,,,,,0,0.1348876567049459,0.8273782757195559,0.0377340631305494,0.0,0.0,22,11.0,,,,,,,-1.1270977408478227,1.1458478899825753,0.4626984215660635,-0.6317879873947724,,-0.41666666666666785
NFLX,2021-Q4,2022-01-20,interview,,,,,,0,0.1581094702300818,0.8074753725010416,0.0344151604272749,0.0,0.0,23,11.5,,,,,,,-0.07481777392595321,-0.0002378270472232144,0.15397022546168304,-0.6317879873947724,,0.33333333333333215
NFLX,2022-Q1,2022-04-19,interview,,,,,,0,0.1920676678419113,0.7814406427470121,0.0264916883950883,0.0,0.0,22,10.9,,,,,,,1.463973803270348,-1.4994176999648448,-0.5830803741135944,-0.6317879873947724,,-0.41666666666666785
NFLX,2022-Q2,2022-07-19,interview,,,,,,0,0.1586810403867908,0.8011225669280343,0.0401964021198775,0.0,0.0,23,11.6,,,,,,,-0.048917478716698874,-0.366056805834103,0.691748063070385,-0.6317879873947724,,0.33333333333333215
NFLX,2022-Q3,2022-10-18,interview,,,,,,0,0.1797128909307977,0.7989159239375073,0.0213711935135981,0.0434782608695652,0.0,23,11.8,,,,,,,0.9041258729921462,-0.49312379632593895,-1.0593947735578721,0.7932976984580974,,0.33333333333333215
NFLX,2022-Q4,2023-01-19,interview,,,,,,0,0.1764534404873848,0.801325306892395,0.0222212601825594,0.08,0.0,25,12.3,,,,,,,0.7564261939354071,-0.35438225891630487,-0.9803205816516275,1.990369674574509,,1.8333333333333321
NVDA,2020-Q2,2019-08-15,standard,0.5168419703841209,0.3300810108582179,0.1530770514315615,0.6666666666666666,0.1666666666666666,6,0.1516220865564214,0.8252067367235819,0.0231711791000432,0.0,0.0,18,11.2,0.04451214365962033,-0.6874773124183243,0.34279525998123367,0.5190281725517785,0.39670404676461796,-1.20761472884912,-0.5874354210646733,0.709007146616575,-0.5358349966274984,-0.6804967195526194,-0.5088963368027013,1.0729938440986901
NVDA,2021-Q4,2021-02-24,standard,0.5861891421178976,0.3399212201022439,0.0738896343650089,0.6666666666666666,0.1111111111111111,9,0.1459148209542036,0.8320310413837433,0.0220541325979866,0.0,0.0,16,11.9,0.8962521489891524,-0.5472639533813154,-0.26552137670378967,0.5190281725517785,0.07934080935292369,1.6906606203887677,-0.7873990577186514,0.8430416758116537,-0.5667960086060588,-0.6804967195526194,-0.5088963368027013,-0.643796306459214
NVDA,2022-Q2,2021-08-18,standard,0.5608430632523128,0.4164815789886883,0.0226753766515425,0.5714285714285714,0.0,7,0.1888408876127666,0.7913505401876237,0.0198085758214195,0.0,0.0,18,12.5,0.5849450140574904,0.5436462927665882,-0.6589485922472931,-0.18773359432723927,-0.5553856654704655,-0.24152294576982397,0.7165877889705587,0.04404571991996855,-0.6290357722415287,-0.6804967195526194,-0.5088963368027013,1.0729938440986901
NVDA,2021-Q3,2021-11-17,standard,0.4829286362510174,0.4924797664862126,0.0245915751438587,0.5,0.0,8,0.1440023703034967,0.8276471458375454,0.0283504745457321,0.0625,0.0,16,11.9,-0.3720202494156509,1.62654614636691,-0.6442283820769444,-0.7178049194865024,-0.5553856654704655,0.724568837309472,-0.8544049785378991,0.7569386360389332,-0.39228123405875653,0.42800472406250734,-0.5088963368027013,-0.643796306459214
NVDA,2022-Q4,2022-02-16,standard,0.5878205569460988,0.3992648338899016,0.0129145982209593,0.75,0.0,8,0.2130616247653961,0.771230153242747,0.0157082269589106,0.1333333333333333,0.0,15,11.5,0.9162896103552941,0.2983245112759762,-0.7339307564127163,1.1374447185709193,-0.5553856654704655,0.724568837309472,1.5652019977779892,-0.3511339688068221,-0.7426845326240948,1.6843063601596504,-0.5088963368027013,-1.5021913817381662
NVDA,2023-Q1,2022-05-25,standard,0.5425167328545025,0.4265873817993061,0.0308959083631634,0.5714285714285714,0.0,7,0.1517575146520839,0.7715063585954554,0.0767361230271704,0.0,0.0588235294117647,17,11.7,0.35985625613920685,0.6876441004049377,-0.595798581957489,-0.18773359432723927,-0.5553856654704655,-0.24152294576982397,-0.5826904702596375,-0.34570908579602366,0.9488165980065314,-0.6804967195526194,0.9003550574201636,0.21459876881973802
NVDA,2023-Q2,2022-08-24,standard,0.3372103730216622,0.2643824132780234,0.3984072068706155,0.3333333333333333,0.5,6,0.2034894749522209,0.6786615629163053,0.1178489562330974,0.1111111111111111,0.1111111111111111,18,11.6,-2.1617698700065846,-1.623618081613072,2.2274181023789437,-1.9546380115247837,2.300883471234786,-1.20761472884912,1.22982565109186,-2.16925142406758,2.0883348893379345,1.290172513540939,2.153022963396044,1.0729938440986901
NVDA,2023-Q3,2022-11-16,standard,0.4913924852652209,0.3574285443340029,0.1511789833062461,0.7142857142857143,0.0,7,0.1484182986896485,0.8152302466332912,0.0363514659693464,0.0,0.0,16,11.6,-0.26806505377852624,-0.29780170340169876,0.3282143270380552,0.8724090559912878,-0.5553856654704655,-0.24152294576982397,-0.6996855102595497,0.5130613002832934,-0.17051894318652844,-0.6804967195526194,-0.5088963368027013,-0.643796306459214
ORCL,2020-Q1,2019-09-12,standard,0.3078868178029855,0.5960042211744521,0.0961089457074801,0.2222222222222222,0.1111111111111111,9,0.1227798818921049,0.8442984024683634,0.0329217193648219,0.0,0.0,12,10.2,-0.4589010830278854,0.21268001421265623,0.722960960198809,-0.5652211058383467,1.0424268663844751,-0.28305074457173957,-0.6234180038883804,0.45705454570963916,0.6332783602182033,-0.44825075267590275,,1.9495092998659767
ORCL,2020-Q2,2019-12-12,standard,0.2352576833218336,0.6037641229728857,0.1609782118660708,0.1666666666666666,0.1666666666666666,12,0.1392754543572664,0.8308460414409637,0.0298785218968987,0.0,0.0,10,11.1,-1.0919458380108504,0.29548771884401887,2.1562976376898986,-0.9819494034024541,1.9078378497980004,1.0513313369807462,-0.1420084076399451,0.07287178670787184,0.273560442198149,-0.44825075267590275,,0.7581425055034356
ORCL,2020-Q3,2020-03-12,standard,0.330364091321826,0.5524310227483511,0.1172048937296494,0.25,0.125,8,0.1230917792767286,0.8293752610683441,0.0475329647772014,0.0,0.0,10,9.0,-0.2629863139883054,-0.2522996516177331,1.1890922707133564,-0.35685695705629317,1.2587796122378567,-0.7278447717559016,-0.6143155374950646,0.03086812205095684,2.360385074396722,-0.44825075267590275,,0.7581425055034356
ORCL,2021-Q3,2021-03-10,standard,0.2393707737326622,0.7077991738915443,0.0528300469741225,0.2,0.0,10,0.1114305636535088,0.8645732800165812,0.023996171541512,0.0,0.0,6,8.0,-1.0560956199138487,1.4056697793334916,-0.23331982713562577,-0.7319124248639893,-0.6883951004425775,0.16174328261242238,-0.9546384403101398,1.0360799211832972,-0.421756521360008,-0.44825075267590275,,-1.6245910832216466
ORCL,2021-Q4,2021-06-15,standard,0.5887831662382398,0.3942448887974024,0.0169719490887863,0.5714285714285714,0.0,7,0.1619450290288244,0.819570004940033,0.0184849490012441,0.1428571428571428,0.0,7,7.2,1.9894271442202514,-1.9403404280656205,-1.0256322722689604,2.054213907421754,-0.6883951004425775,-1.1726387989400635,0.5195843205183159,-0.24915784100645438,-1.0732047164990808,2.1814869963560595,,-1.028907686040376
ORCL,2022-Q1,2021-09-13,standard,0.3907333475848039,0.5840915255248547,0.0251750902583201,0.3333333333333333,0.0,6,0.1322939763776958,0.842667244374752,0.0250387617852538,0.0,0.0,8,7.0,0.26319978629378293,0.08555688709856085,-0.8443775147357915,0.2682354892898672,-0.6883951004425775,-1.6174328261242255,-0.34575705003842644,0.41047069210243264,-0.29851825115903985,-0.44825075267590275,,-0.43322428885910547
ORCL,2022-Q2,2021-12-09,standard,0.2431103403990467,0.6816898935164014,0.0751997681800276,0.0833333333333333,0.0833333333333333,12,0.1103739198297262,0.8640475928783417,0.0255784794688224,0.0,0.0,10,10.8,-1.0235010821849406,1.1270516171966103,0.2609564884201316,-1.6070418497486143,0.6097213746777114,1.0513313369807462,-0.985475713624534,1.0210669480160401,-0.23472149675900533,-0.44825075267590275,,0.7581425055034356
ORCL,2022-Q3,2022-03-10,standard,0.326581674543294,0.619012865153226,0.0544054545462131,0.3636363636363636,0.0,11,0.1837607678025961,0.7953206822276115,0.020918569760397,0.0,0.0,8,9.6,-0.2959543387336728,0.45821056911569263,-0.19850997666569564,0.49554183341574354,-0.6883951004425775,0.6065373097965844,1.1562585564154655,-0.9416884447129098,-0.7855411646066411,-0.44825075267590275,,-0.43322428885910547
ORCL,2022-Q4,2022-06-13,standard,0.4810336042195559,0.4793166911229491,0.0396497052162885,0.4,0.0,10,0.1375312656164169,0.837586298584938,0.0248824422014877,0.0,0.0,8,9.0,1.0502682849701674,-1.0325195738309068,-0.5245496865452345,0.7683094463667959,-0.6883951004425775,0.16174328261242238,-0.1929111089124713,0.2653651773237769,-0.3169958411974139,-0.44825075267590275,,-0.43322428885910547
ORCL,2023-Q1,2022-09-12,standard,0.4818498454988003,0.479583740234375,0.0385664110071957,0.375,0.0,8,0.1382916789087984,0.8426394727494981,0.0190688511356711,0.0,0.0,9,8.6,1.0573827475658955,-1.0296698310744345,-0.5484859111143603,0.5807817124629476,-0.6883951004425775,-0.7278447717559016,-0.1707190778786617,0.40967756890344326,-1.004185186107947,-0.44825075267590275,,0.1624591083221651
ORCL,2023-Q2,2022-12-12,standard,0.3409298652639755,0.6388758340707192,0.0201942893461539,0.3076923076923077,0.0,13,0.2247810158878564,0.7403140924870968,0.0349049100186675,0.125,0.0,8,10.5,-0.170893687190595,0.6701728987876641,-0.9544321685565275,0.07589935195258732,-0.6883951004425775,1.4961253641649082,2.3534004628538407,-2.512608476278119,0.8676993008760624,1.852769777727065,,-0.43322428885910547
PFE,2020-Q4,2021-02-02,standard,0.5587303563952446,0.3824643563213093,0.0588052957651338,0.5714285714285714,0.0714285714285714,14,0.2312628066477676,0.7474009618163109,0.0213362256375451,0.0416666666666666,0.0,24,18.8,-1.1708682649473918,1.2534314502931525,-0.29108424903072866,-1.1495601464556897,0.35792635246946214,-0.4482201783423464,1.033530525921363,-0.7769190691427396,-0.6461486761232768,-0.13147757642632313,-0.3535533905932738,0.591119651377134
PFE,2021-Q1,2021-05-04,standard,0.5953350609966687,0.3822922026738524,0.0223727342672646,0.5714285714285714,0.0,14,0.1506288151599858,0.797978528236088,0.0513926586626391,0.0,0.0,19,16.1,-0.42121517821178245,1.2503703680241947,-1.087242011481,-1.1495601464556897,-0.8590232459267093,-0.4482201783423464,-0.7964528376887275,0.3940584601157866,0.974559668680411,-0.9343239524244059,-0.3535533905932738,-1.558406353630626
PFE,2021-Q2,2021-07-28,standard,0.6369579860142299,0.2469659504879798,0.1160760872465159,0.8571428571428571,0.0714285714285714,14,0.1536687278877133,0.8220487301764281,0.0242825439199805,0.0434782608695652,0.0,23,18.6,0.4312095185078222,-1.1558800786549421,0.9604496350811532,1.2300537135506568,0.35792635246946214,-0.4482201783423464,-0.7274622095934927,0.9513344935833046,-0.48727677596120517,-0.09657121225249243,-0.3535533905932738,0.161214450375582
PFE,2021-Q3,2021-11-02,standard,0.5761021259514725,0.2981394781347583,0.1257583966807407,0.5882352941176471,0.1176470588235294,17,0.1641053586887816,0.8136622707049052,0.0222323884178573,0.0,0.0,24,20.8,-0.8150997698403646,-0.2459581546436402,1.172036344814819,-1.0095828605729629,1.1453643279022798,0.5297147562227731,-0.4906035301990884,0.7571702368516737,-0.5978256267733476,-0.9343239524244059,-0.3535533905932738,0.591119651377134
PFE,2021-Q4,2022-02-08,standard,0.5885821059346199,0.367630616507747,0.0437872752716595,0.7272727272727273,0.0,22,0.1728597098588943,0.8028681671619415,0.0242721252143383,0.04,0.0,25,23.6,-0.5595136199551086,0.9896711489786619,-0.6192718125984487,0.14841104991140894,-0.8590232459267093,2.1596063138313055,-0.2919240811861462,0.5072639326931204,-0.48783857526594215,-0.16359143146624522,-0.3535533905932738,1.021024852378686
PFE,2022-Q2,2022-07-28,standard,0.6879043197259307,0.2801924565574154,0.0319032304687425,0.8125,0.0,16,0.2754345986371239,0.6952527910470963,0.029312614351511,0.1666666666666666,0.0,24,23.0,1.4745747564109604,-0.5650760492833741,-0.8789728638051432,0.8582390479246655,-0.8590232459267093,0.20373644470106655,2.03600656598712,-1.9842594076610631,-0.21604442059403756,2.277061551567929,-0.3535533905932738,0.591119651377134
PFE,2022-Q3,2022-11-01,standard,0.684805686896046,0.2718515967329343,0.0433427041474108,0.8333333333333334,0.0,12,0.1713009425684025,0.8070149876569447,0.0216840553636613,0.0526315789473684,0.0,19,15.5,1.4111157095240485,-0.7133857626919673,-0.6289869887205708,1.0317525585501286,-0.8590232459267093,-1.1001768013857594,-0.32730020677174093,0.6032715890761023,-0.6273929395654274,0.07979778567843662,-0.3535533905932738,-1.558406353630626
PFE,2022-Q4,2023-01-31,standard,0.5988024972113115,0.2662396196808134,0.1349578823095985,0.7142857142857143,0.1428571428571428,14,0.1665204041030095,0.7614385071008102,0.0720410766080021,0.0434782608695652,0.0434782608695652,23,17.9,-0.3502031514881813,-0.8131729220220825,1.37307194573992,0.04024678354748406,1.5748759508656336,-0.4482201783423464,-0.43579422646928884,-0.4519202355161746,2.0879673456028254,-0.09657121225249243,2.4748737341529163,0.161214450375582
PTON,2020-Q2,2020-02-05,standard,0.4778902887233666,0.4233618532972676,0.0987478445417114,0.5714285714285714,0.1428571428571428,7,0.2542700959663642,0.7006388573270095,0.04509103837374,0.1052631578947368,0.0,19,13.1,0.36624906034479676,-0.27785623686189814,-0.07227764684018953,0.4830001245929701,0.8317824166479084,0.10646601614815143,1.396236817783782,-0.9572648607842803,-0.43312641666193885,1.41119756884451,-0.6105613155345372,0.9014913017684523
PTON,2021-Q2,2021-02-04,standard,0.6833648615413241,0.1945149890250629,0.1221201329802473,0.7777777777777778,0.1111111111111111,9,0.2427082942689166,0.7339349301422343,0.0233567806837313,0.0588235294117647,0.0,17,11.9,1.075543715045065,-0.9144430141186979,0.19968346655025088,1.059536166469387,0.4120756926512578,0.5323300807407572,1.088315808622008,-0.14379420122642375,-1.143907361824032,0.39334232812165126,-0.6105613155345372,0.08195375470622267
PTON,2021-Q3,2021-05-06,standard,0.5243285278027708,0.3289026562124491,0.1467688120054927,0.4545454545454545,0.1818181818181818,11,0.2010244950652122,0.7810055911540985,0.0179699103214911,0.0,0.0,14,11.4,0.5265530546589579,-0.5406148114472392,0.48649672443631736,0.15643075821541919,1.346877032461981,0.9581941453333629,-0.02183275233583878,1.0062093403815469,-1.3200755504113475,-0.8959409767939706,-0.6105613155345372,-1.1473525658871218
PTON,2021-Q4,2021-08-26,standard,0.6488835682923143,0.1475225524468855,0.2035938910293308,0.8181818181818182,0.0909090909090909,11,0.2422540364786982,0.6994738113135099,0.0582721558166667,0.0625,0.0625,16,14.0,0.9565148899536831,-1.0451625843950205,1.147716176714772,1.1724243425011331,0.14498959556247962,0.9581941453333629,1.0762177359475278,-0.9857286004654165,-0.0020609876970977136,0.4739225346788778,1.3763773529375407,-0.3278150188248921
PTON,2022-Q1,2021-11-04,standard,0.5362756089730696,0.1884562296962196,0.2752681573514234,0.6363636363636364,0.1818181818181818,11,0.170849754342011,0.7628965250083378,0.0662537215809736,0.0,0.0,14,12.0,0.5677941712465113,-0.9312967564130876,1.9817215126347283,0.6644275503582762,1.346877032461981,0.9581941453333629,-0.8254649939037082,0.5637789653845033,0.2589621831303757,-0.8959409767939706,-0.6105613155345372,-1.1473525658871218
PTON,2022-Q2,2022-02-08,standard,0.67099299214103,0.2259072630920193,0.1030997545881704,0.7272727272727273,0.0909090909090909,11,0.2239160870130245,0.6856918438122823,0.0903920722552217,0.0769230769230769,0.0769230769230769,13,12.2,1.0328362368693933,-0.8271186514161534,-0.02163860459481777,0.9184259464297045,0.14498959556247962,0.9581941453333629,0.5878301945252917,-1.3224417694762127,1.0483647912895342,0.7900448834803039,1.834901661046481,-1.5571213394182364
PTON,2022-Q3,2022-05-10,standard,0.057059284299612,0.9118372201919556,0.0311035215854644,0.0,0.0,1,0.1950470281557904,0.740610369377666,0.0643425974477496,0.0,0.0,18,10.1,-1.086452253867777,1.0809430657623698,-0.8593903608605828,-1.1135612221417226,-1.0568978413370218,-1.1711261776296658,-0.1810283250627613,0.019296322626646822,0.1964622055783704,-0.8959409767939706,-0.6105613155345372,0.4917225282373375
PTON,2022-Q4,2022-08-25,standard,0.0284057166427373,0.9459885358810424,0.0256057940423488,0.0,0.0,1,0.1678244322538375,0.8031681686639786,0.0290073958691209,0.0,0.0,20,12.0,-1.1853638714873442,1.1759422961985628,-0.9233621926165954,-1.1135612221417226,-1.0568978413370218,-1.1711261776296658,-0.9060372312424131,1.5476727929788918,-0.9591138593496034,-0.8959409767939706,-0.6105613155345372,1.3112600752995671
PTON,2023-Q1,2022-11-03,standard,0.0346063710749149,0.9407914876937866,0.0246020946651697,0.0,0.0,1,0.1765402446648007,0.7090192256789458,0.1144405330384248,0.1052631578947368,0.0526315789473684,19,11.5,-1.1639593201403333,1.1614855887960167,-0.93504128860434,-1.1135612221417226,-1.0568978413370218,-1.1711261776296658,-0.6739123580194981,-0.7525204812167824,1.8348277075287407,1.41119756884451,1.0626501947577383,0.9014913017684523
PTON,2023-Q2,2023-02-01,standard,0.0561139062047004,0.9252023696899414,0.0186837203800678,0.0,0.0,2,0.1440082326945331,0.7817662159601847,0.0742255615380903,0.0,0.0,18,11.3,-1.0897156826229524,1.1181211038951453,-1.003907786819544,-1.1135612221417226,-1.0568978413370218,-0.9581941453333629,-1.540324896314387,1.0247924917975322,0.5196672884170004,-0.8959409767939706,-0.6105613155345372,0.4917225282373375
PYPL,2019-Q4,2020-01-29,qa_missing,0.532374167571897,0.4113722628225451,0.0562535743229091,0.5652173913043478,0.0,23,,,,,,0,13.7,-1.7103721713713,2.1683931277613264,-0.8776427350517045,-1.6391255058907288,-1.0756302099600874,2.3569716504742626,,,,,,-2.3717082451262845
PYPL,2020-Q4,2021-02-03,standard,0.6788698941469192,0.2633315607905387,0.057798558101058,0.8,0.0,10,0.2297644120725718,0.7240723100575533,0.0461632656780156,0.0,0.0,11,12.0,-0.021078056073220528,0.46780076265853554,-0.8441131949870238,0.5105987940513123,-1.0756302099600874,-0.7458771045804627,-1.2512408813992448,1.133199110718689,-0.13627568013899088,-1.6512322469062297,-0.5797255687633339,-0.05270462766947299
PYPL,2021-Q1,2021-05-05,standard,0.7410350780595433,0.1469851766120303,0.1119797457517548,0.7272727272727273,0.1818181818181818,11,0.2716227070643351,0.6844107990081494,0.0439665008766146,0.1538461538461538,0.0,13,14.6,0.6957706999636258,-0.8687085211093213,0.3317375341789779,-0.15530906990379809,1.222695707665282,-0.5071964311147147,-0.5663355275638083,0.5737363156372085,-0.2137358489214021,-0.008685082409675679,-0.5797255687633339,0.3689323936863109
PYPL,2021-Q2,2021-07-28,standard,0.6968211369080977,0.1688958479260856,0.1342830092815513,0.7272727272727273,0.1818181818181818,11,0.3428900172313054,0.6327023575703303,0.0244076170027256,0.2,0.0,15,15.1,0.18592408294969642,-0.6170134140238163,0.8157673205573394,-0.15530906990379809,1.222695707665282,-0.5071964311147147,0.5997741359189848,-0.1556597262855067,-0.9034020549261604,0.4840790669392913,-0.5797255687633339,0.7905694150420948
PYPL,2021-Q3,2021-11-08,standard,0.7226256057620049,0.1664520490237257,0.1109223121946508,0.8181818181818182,0.0909090909090909,11,0.2347295092684882,0.7009557123695102,0.0643147653234856,0.0714285714285714,0.0714285714285714,14,13.8,0.48348455384148287,-0.6450861379312004,0.3087889043486138,0.6770757600400898,0.0735327488525974,-0.5071964311147147,-1.1699995969067538,0.8071178290646182,0.5037647216806704,-0.8886210633899726,1.2058291830277346,0.5797509043642028
PYPL,2021-Q4,2022-02-01,standard,0.6254909069587787,0.2320856681714455,0.1424234418664127,0.75,0.0833333333333333,12,0.3672783970832824,0.5951676552112286,0.0375539315148041,0.2307692307692307,0.0,13,13.2,-0.6366100654067403,0.10886888987287777,0.9924325803214057,0.05278713758217365,-0.022230831048459933,-0.2685157576489666,0.9988284197897976,-0.685121890957371,-0.43984958889846987,0.8125884998386014,-0.5797255687633339,0.3689323936863109
PYPL,2022-Q2,2022-08-02,standard,0.6289168094683971,0.23108436273677,0.1399988359439053,0.6428571428571429,0.1428571428571428,14,0.3205802515149116,0.6524553757447463,0.0269643873549424,0.1538461538461538,0.0,13,13.5,-0.5971047700347316,0.09736656413426478,0.9398133084756017,-0.9282378405659792,0.7301972967455596,0.20884558928252958,0.23473112628423626,0.12297511305252017,-0.8132477230221385,-0.008685082409675679,-0.5797255687633339,0.3689323936863109
PYPL,2022-Q3,2022-11-03,standard,0.819448680545275,0.1606600038134134,0.0198913094444343,0.9230769230769232,0.0,13,0.3767765868793834,0.5163976434956897,0.1068257712335749,0.2727272727272727,0.0909090909090909,11,12.0,1.599985726131186,-0.7116212713626656,-1.6667837178432106,1.6375197945907305,-1.0756302099600874,-0.02983508418321851,1.1542423238767843,-1.7962467512301519,2.0027461742264903,1.2605559083376623,1.6927986607889358,-0.05270462766947299
ROKU,2020-Q4,2021-02-18,standard,0.6172305323183537,0.280328369885683,0.1024410953745245,0.8,0.0,5,0.2198528708382086,0.7478908530690453,0.0322562789290466,0.0909090909090909,0.0,22,13.8,0.5225224855292129,-0.1360482040582754,-0.5494905704395683,0.8052006070670498,-0.7020086124500348,0.9354143466934856,0.9583062385444524,0.5658533499760438,-1.2010663641090908,0.6790840420863622,-1.4265233847587557,0.22047927592204916
ROKU,2021-Q1,2021-05-06,standard,0.705101365223527,0.2592053296975791,0.0356932976283133,0.75,0.0,4,0.2155679011983531,0.7630027475811186,0.0214293564093254,0.0476190476190476,0.0,21,13.1,1.0441375046589851,-0.7681999493869737,-0.9888567120599946,0.5830763016692427,-0.7020086124500348,-0.9354143466934856,0.8151218616105537,1.152808208440719,-1.5017536009799035,-0.23427035080957978,-1.4265233847587557,-0.22047927592204916
ROKU,2021-Q2,2021-08-04,standard,0.5199442133307457,0.2495901337824762,0.2304656757041812,0.5,0.25,4,0.2303973416919293,0.7032641334378201,0.0663385044216461,0.1304347826086956,0.0869565217391304,23,12.7,-0.05498433285441765,-1.0559550653779395,0.2932288568872829,-0.5275452253197913,0.6351506493595552,-0.9354143466934856,1.310654940211932,-1.167474650954718,-0.25452867612703844,1.5130163138609167,1.2830699958588485,0.6614378277661475
ROKU,2021-Q3,2021-11-03,standard,0.6455475576221943,0.2529858411289751,0.101466589840129,0.75,0.0,4,0.1458284658906252,0.7681379009686087,0.0860336311566441,0.0,0.0434782608695652,23,13.7,0.6906167803847185,-0.9543313262476368,-0.5559052350591123,0.5830763016692427,-0.7020086124500348,-0.9354143466934856,-1.5152558146699462,1.3522605820223748,0.2924479210528146,-1.2389601829951153,-0.07172669444995354,0.6614378277661475
ROKU,2021-Q4,2022-02-17,standard,0.6008630082011223,0.3082244329154491,0.0909125957638025,0.8,0.0,5,0.1901982297003269,0.7221513736248016,0.0876503935456275,0.04,0.08,25,15.0,0.4253623002521477,0.6988006044005306,-0.6253767054682409,0.8052006070670498,-0.7020086124500348,0.9354143466934856,-0.03261824200079082,-0.4338831491161366,0.3373489365107685,-0.3950207239592652,1.0663025254094411,1.5433549314543442
ROKU,2022-Q1,2022-04-28,standard,0.6005200035870075,0.3042118400335312,0.0952681405469775,0.75,0.0,4,0.192506805062294,0.7354800112937626,0.0720131820754001,0.1052631578947368,0.0526315789473684,19,13.0,0.4233261711699739,0.5787152582093861,-0.5967064126547644,0.5830763016692427,-0.7020086124500348,-0.9354143466934856,0.04452394396329834,0.08380896620809895,-0.09693050908263484,0.981933130257121,0.21349366140453094,-1.1023963796102458
ROKU,2022-Q2,2022-07-28,standard,0.2272747354581952,0.3472891569137573,0.4254361206665635,0.2,0.4,5,0.1757447053160932,0.6974807919727432,0.1267745042116277,0.0555555555555555,0.0555555555555555,18,13.4,-1.7923161670016634,1.8678952629536145,1.5766181974442468,-1.860291057706632,1.4374462064453093,0.9354143466934856,-0.5155898981372395,-1.3921030301678696,1.4239107651152676,-0.06682204544532465,0.3046057195247125,-1.5433549314543442
ROKU,2022-Q3,2022-11-02,standard,0.3171732112765312,0.2771597262471914,0.4056670386344194,0.4,0.4,5,0.1592986479046799,0.7291701365084875,0.1115312196225637,0.0,0.0476190476190476,21,14.9,-1.258664742138955,-0.23087658049270748,1.4464885813501505,-0.9717938361154048,1.4374462064453093,0.9354143466934856,-1.0651430295222617,-0.16127027640850786,1.0005715276198168,-1.2389601829951153,0.05730156176993237,-0.22047927592204916
SBUX,2020-Q2,2020-04-28,standard,0.5257950382928054,0.1894410020361344,0.2847639506993194,0.6,0.2666666666666666,15,0.3293207076688607,0.6006121408815185,0.070067161694169,0.2916666666666667,0.0416666666666666,24,20.8,-1.4058222866423544,0.008412259299668332,1.9831620206736271,-1.2303190843396903,1.8249716380867238,-0.2153874475853214,-0.5551327759377845,-0.009375204505752114,2.2094856977587685,0.029536177253714314,2.8460498941515415,2.0858843496458386
SBUX,2021-Q1,2021-01-26,standard,0.6302113651431033,0.1987479173445276,0.171040702810777,0.6428571428571429,0.2142857142857142,14,0.3374105905182659,0.6360151633620262,0.0265742478892207,0.2,0.0,20,18.2,-0.5453971260598046,0.17296005446052315,0.6574943648603772,-0.9118515337473364,1.2759829046604527,-0.6461623427559643,-0.440455745287211,0.5054572582471297,-0.20461642465208782,-0.7844186864328443,-0.316227766016838,0.7615133339976872
SBUX,2021-Q2,2021-04-27,standard,0.8154516509423654,0.1658467943469683,0.0187015542760491,0.8666666666666667,0.0,15,0.3954126536846161,0.5818633928894996,0.0227239481173455,0.3,0.0,20,18.0,0.9810442597179103,-0.40873721774761385,-1.1183174034119014,0.7512567860127307,-0.9698800957197448,-0.2153874475853214,0.3817445880603952,-0.28202040330420747,-0.418329787083658,0.1035320739524921,-0.316227766016838,0.7615133339976872
SBUX,2021-Q3,2021-07-27,standard,0.8231900600859752,0.1618988221654525,0.0149111439688847,0.8461538461538461,0.0,13,0.4811154384579923,0.4908295679423544,0.0280550053964058,0.5,0.0,18,16.1,1.0448113173313236,-0.47853801600339707,-1.1625020748820105,0.598827872908698,-0.9698800957197448,-1.0769372379266071,1.59661272141273,-1.6058386822988246,-0.12242602791521386,1.8794335947231653,-0.316227766016838,0.09932782617361158
SBUX,2021-Q4,2021-10-28,standard,0.8001586103346199,0.1552068289602175,0.0446345611126162,0.9375,0.0,16,0.331028155516833,0.6495995381847024,0.0193723186966963,0.25,0.0,16,18.5,0.8550245335157016,-0.5968535577984101,-0.8160173106910664,1.2776128765750923,-0.9698800957197448,0.2153874475853214,-0.5309290819114149,0.7030018929959622,-0.6043641313037351,-0.34044330624017605,-0.316227766016838,-0.562857681650464
SBUX,2022-Q1,2022-02-01,standard,0.744601072743535,0.1224662221502512,0.1329327239654958,0.8333333333333334,0.0833333333333333,12,0.3398561397833483,0.6036787778139114,0.0564650788104959,0.2142857142857142,0.0,14,13.5,0.39721199935219165,-1.1757128773787593,0.2132710778758471,0.5035598022186781,-0.09648892890522347,-1.50771213309725,-0.40578919531980817,0.03521997787287295,1.4544933487534535,-0.6575685778063686,-0.316227766016838,-1.2250431894745397
SBUX,2022-Q2,2022-05-03,standard,0.5162110507953912,0.3105467353016138,0.173242220422253,0.625,0.125,16,0.2978708843390147,0.6809604989571704,0.0211686194460425,0.1666666666666666,0.0,18,19.5,-1.4847975219358398,2.1495815651170282,0.6831573734837093,-1.0445463464941507,0.3402066545020377,0.2153874475853214,-1.0009454559343849,1.1590544991731804,-0.504659304192531,-1.080402273227957,-0.316227766016838,0.09932782617361158
SBUX,2022-Q3,2022-08-02,standard,0.6197304047851099,0.2535850691298644,0.1266845256969746,0.6666666666666666,0.1111111111111111,18,0.361260646406342,0.6158040761947632,0.0229352740023066,0.2941176470588235,0.0,17,17.6,-0.6317637151854215,1.1424899276979905,0.1404360638793694,-0.7349251167515852,0.19464146003295069,1.0769372379266071,-0.10237253184538929,0.2115466525364398,-0.4066000080743034,0.05129967628276611,-0.316227766016838,-0.23176492773842622
SBUX,2022-Q4,2022-11-03,standard,0.8242479244247078,0.1355380792170763,0.0402139991987496,0.95,0.0,20,0.3087263517081737,0.6731875658035278,0.0180860802531242,0.2,0.0,15,16.7,1.0535284702994947,-0.9446002919806591,-0.867547635919522,1.3704992454978615,-0.9698800957197448,1.9384870282678928,-0.8470652592253716,1.0460201298476057,-0.675757622447586,-0.7844186864328443,-0.316227766016838,-0.8939504355625019
SBUX,2023-Q1,2023-02-02,standard,0.6643795525887981,0.1963745288085192,0.1392458990449085,0.6875,0.125,16,0.5028235246737798,0.4800176496307055,0.0171588210389018,0.4666666666666667,0.0,15,16.3,-0.26383993039320786,0.13099815433363168,0.28686352413156874,-0.5801145018803021,0.3402066545020377,0.2153874475853214,1.9043327359882414,-1.7630661205644105,-0.7272257408431081,1.5834500079280531,-0.316227766016838,-0.8939504355625019
SNAP,2019-Q2,2019-07-23,standard,0.7387283513943355,0.2405443077286084,0.0207273309429486,0.9333333333333332,0.0,15,0.3332923104365666,0.6527722259362538,0.0139354540035128,0.2666666666666666,0.0,15,16.8,0.5985102221570423,-0.4943232382737572,-0.5594736793990245,0.8510689902073956,-0.4281744192888376,0.3491212602240292,0.6732029044589907,-0.3839222665208711,-0.9642080329645014,0.6466847708558969,-0.2886751345948128,0.5937710859953548
SNAP,2019-Q3,2019-10-22,standard,0.7435834603384137,0.2327887987485155,0.0236277386429719,0.8125,0.0,16,0.3916951555472154,0.5886280983686447,0.0196767452244575,0.4615384615384615,0.0,13,15.1,0.6231582077634782,-0.5327550600238057,-0.4700158510287796,0.36529126980471827,-0.4281744192888376,0.5102541495581966,1.526302683130715,-1.3888948705030544,-0.707715388494811,2.0316420936538724,-0.2886751345948128,-0.8312795203934956
SNAP,2020-Q2,2020-07-21,standard,0.6542978004059371,0.3079337358255596,0.0377684685346834,0.8235294117647058,0.0,17,0.3490196554921567,0.5982643605675548,0.0527159856283105,0.25,0.0,16,17.0,0.16988070436965588,-0.1603801669540583,-0.03387061955923272,0.40963203535871506,-0.4281744192888376,0.671387038892364,0.9029347704425432,-1.2379195609630427,0.7683153189424085,0.5282344735113337,-0.2886751345948128,1.3062963891897799
SNAP,2020-Q4,2021-02-04,standard,0.6042796911464797,0.3546814716731508,0.0410388246075146,0.6111111111111112,0.0,18,0.2729677888254324,0.7094499071439108,0.0175822980081041,0.2,0.0,15,16.9,-0.08404678753388506,0.07127460334206855,0.06699759709547114,-0.4443382641997443,-0.4281744192888376,0.8325199282265313,-0.207967112813898,0.5040704310319115,-0.801284985394003,0.17288358147764274,-0.2886751345948128,0.5937710859953548
SNAP,2021-Q1,2021-04-22,standard,0.7708775633946061,0.1668438322376459,0.0622785976156592,0.875,0.0625,16,0.3325491726398468,0.633550858994325,0.0338999724015593,0.2666666666666666,0.0,15,13.7,0.7617224844910166,-0.859540214262424,0.7220999705894784,0.6165556079440343,2.140872096444188,0.5102541495581966,0.6623477707972119,-0.6850713805588927,-0.0722915768199649,0.6466847708558969,-0.2886751345948128,0.5937710859953548
SNAP,2021-Q2,2021-07-22,standard,0.7067101178690791,0.2679182575084269,0.0253716213628649,0.8125,0.0,16,0.2040836553160961,0.7787934908500085,0.0171228591352701,0.0,0.0,13,12.7,0.4359628997047658,-0.35867375849968336,-0.41622894339756267,0.36529126980471827,-0.4281744192888376,0.5102541495581966,-1.2141687617142773,1.5905050670493805,-0.8218104537826237,-1.2485199866571215,-0.2886751345948128,-0.8312795203934956
SNAP,2021-Q3,2021-10-21,standard,0.5676286909729242,0.3051203389186412,0.127250961435493,0.6875,0.0625,16,0.2249221893457266,0.7406785556903253,0.0343992533878638,0.0769230769230769,0.0,13,14.5,-0.2701133279852814,-0.17432173658106298,2.7260549908982106,-0.13723740647391383,2.140872096444188,0.5102541495581966,-0.9097769339730022,0.9933425973023988,-0.04998615882557775,-0.7018263066052893,-0.2886751345948128,-0.8312795203934956
SNAP,2021-Q4,2022-02-03,standard,0.7415046067908406,0.1992051723646,0.0592902194475755,0.9375,0.0,16,0.3268252882574285,0.6431478900568826,0.0300268178938754,0.1428571428571428,0.0,14,15.5,0.6126044688240119,-0.6991761093991363,0.6299288522795695,0.8678199460833503,-0.4281744192888376,0.5102541495581966,0.578738068384046,-0.5347107214748532,-0.24532506421586828,-0.23323172370371897,-0.2886751345948128,-0.11875421719907045
SNAP,2022-Q1,2022-04-21,standard,0.6938827764242887,0.2828935587313026,0.0232236580341123,0.75,0.0,16,0.2127637284306379,0.7423556974300971,0.0448805786525973,0.0769230769230769,0.0,13,14.1,0.3708421926430512,-0.28446481763866116,-0.48247898638551434,0.11402693166540222,-0.4281744192888376,0.5102541495581966,-1.0873775336698097,1.019619071320838,0.41826788564634065,-0.7018263066052893,-0.2886751345948128,-0.8312795203934956
SNAP,2022-Q2,2022-07-21,standard,0.0355679094791412,0.9401371479034424,0.0242948997765779,0.0,0.0,1,0.1901201938881593,0.7140158726012006,0.0958639249096021,0.0588235294117647,0.0588235294117647,17,8.3,-2.9712322184281215,2.9724546869691615,-0.44943847282607235,-2.9011451260063903,-0.4281744192888376,-1.9067391904543138,-1.4181352950414705,0.5756073022828099,2.6959529571974286,-0.8304601136763086,3.1754264805429417,2.018821692384205
SNAP,2022-Q3,2022-10-20,standard,0.5892624072730541,0.4002599474042654,0.0104776772204786,0.75,0.0,4,0.2564924542720501,0.7160801612413846,0.0274273737405355,0.0,0.0,13,8.5,-0.16028519969380572,0.2971351960424743,-0.8756057057868307,0.11402693166540222,-0.4281744192888376,-1.4233405224518119,-0.44862498203935336,0.6079493670791544,-0.36145543966331317,-1.2485199866571215,-0.2886751345948128,-0.8312795203934956
SNAP,2022-Q4,2023-01-31,standard,0.6036972552537918,0.3852532381812731,0.0110494907324512,0.6666666666666666,0.0,3,0.3517299460677,0.6095836838850608,0.0386863659637478,0.3076923076923077,0.0,13,7.7,-0.0870036463119261,0.2227706152788868,-0.8579691524797143,-0.220992185853686,-0.4281744192888376,-1.5844734117859791,0.9425244220383086,-1.0605750360457757,0.1415409383744868,0.938254733550208,-0.2886751345948128,-0.8312795203934956
TSLA,2019-Q3,2019-10-23,interview,,,,,,0,0.2474721843520036,0.730257304958426,0.0222705147372415,0.1538461538461538,0.0,26,14.1,,,,,,,0.6687083097664114,0.13636097537211903,-1.6430026705326877,0.5822594986394817,-0.5159921571086667,0.6212607441973969
TSLA,2019-Q4,2020-01-29,interview,,,,,,0,0.2226594727900293,0.7528041316955177,0.0245363860977468,0.1111111111111111,0.0,27,14.1,,,,,,,-0.03557010140681443,0.7580487039776732,-1.512399621293253,-0.27714113573307875,-0.5159921571086667,1.5531518604934906
TSLA,2020-Q1,2020-04-29,interview,,,,,,0,0.2572115945070982,0.6803466333448887,0.0624417750909924,0.12,0.04,25,13.2,,,,,,,0.945149531946508,-1.2398349935955335,0.6724372901988386,-0.09838580378358597,1.0623367940472552,-0.3106303720986968
TSLA,2020-Q2,2020-07-22,interview,,,,,,0,0.1730278402280349,0.760400391685275,0.0665717645405003,0.0384615384615384,0.0769230769230769,26,13.9,,,,,,,-1.4443031710428949,0.9675017535795684,0.9104866450007548,-1.738122214166434,2.5192558258834903,0.6212607441973969
TSLA,2020-Q4,2021-01-27,interview,,,,,,0,0.2318834347220567,0.7372211882701287,0.0308953612469709,0.1538461538461538,0.0,26,13.9,,,,,,,0.22624075461289261,0.3283773885378958,-1.1458732778289658,0.5822594986394817,-0.5159921571086667,0.6212607441973969
TSLA,2021-Q1,2021-04-26,interview,,,,,,0,0.2031009843945503,0.7185432547330857,0.0783557578548789,0.08,0.0,25,12.9,,,,,,,-0.5907138267394235,-0.18663264862122175,1.5897067833989682,-0.9027847975563031,-0.5159921571086667,-0.3106303720986968
TSLA,2021-Q2,2021-07-26,interview,,,,,,0,0.1668078314674937,0.7819328972178957,0.0512592813971897,0.0869565217391304,0.0,23,12.7,,,,,,,-1.6208504974572655,1.5612214202916663,0.02788711847784065,-0.7628893203784399,-0.5159921571086667,-2.1744126046908843
TSLA,2021-Q3,2021-10-20,interview,,,,,,0,0.2608016919917785,0.6893336094486026,0.0498647123145369,0.1538461538461538,0.0,26,12.5,,,,,,,1.0470500495966015,-0.9920354772334826,-0.05249475038910155,0.5822594986394817,-0.5159921571086667,0.6212607441973969
TSLA,2021-Q4,2022-01-26,interview,,,,,,0,0.1761903765797615,0.7753979624062777,0.0484116594493389,0.08,0.0,25,13.7,,,,,,,-1.3545384522007617,1.3810324816444082,-0.13624757864261539,-0.9027847975563031,-0.5159921571086667,-0.3106303720986968
TSLA,2022-Q2,2022-07-20,interview,,,,,,0,0.2474980709644464,0.6900757324810212,0.0624262013544256,0.1923076923076923,0.0,26,14.2,,,,,,,0.6694430695380845,-0.9715727847335579,0.6715396322297551,1.3557200695747873,-0.5159921571086667,0.6212607441973969
TSLA,2022-Q3,2022-10-19,interview,,,,,,0,0.2560752828915913,0.6936443971159557,0.0502803241057942,0.2083333333333333,0.0,24,12.5,,,,,,,0.912896719223158,-0.8731733497745966,-0.028539212495740308,1.677995307464497,-0.5159921571086667,-1.2425214883947904
TSLA,2022-Q4,2023-01-25,interview,,,,,,0,0.2442231205105781,0.6937851092219353,0.061991775073111,0.12,0.04,25,13.8,,,,,,,0.5764876141635056,-0.8692934694449262,0.6464996418762065,-0.09838580378358597,1.0623367940472552,-0.3106303720986968
UNH,2020-Q4,2021-01-20,standard,0.7305292561650276,0.2563152662478387,0.0131554821273311,0.75,0.0,8,0.2704003941925132,0.7068361780222725,0.0227634287713205,0.1764705882352941,0.0,17,14.6,0.16327119991950134,-0.14654000680744256,-0.18060334858785732,-0.3124506310209606,,1.414213562373095,1.5134250359646237,-1.4890339569973843,-0.1807518663090718,2.1217547981049014,,-0.36893239368631126
UNH,2021-Q1,2021-04-15,standard,0.6839143314531871,0.3031246044806072,0.0129610600748232,0.7142857142857143,0.0,7,0.2192381098866462,0.7608697205781937,0.0198921659495681,0.05,0.0,20,15.2,-0.45777491341243215,0.4650184323547287,-0.21441184172647165,-0.5845850515876041,,0.0,0.20578703316467725,-0.11549129370711379,-0.9954674694492692,0.01271599622151925,,1.0540925533894594
UNH,2021-Q2,2021-07-15,standard,0.6749412069718043,0.3135338869566719,0.0115248939643303,0.6666666666666666,0.0,6,0.1598657740181998,0.8132258245819494,0.0269084043408695,0.0,0.0,19,12.8,-0.5773229791457862,0.601014470414585,-0.4641500348284944,-0.9474309456764626,,-1.414213562373095,-1.3116886571785664,1.2154105707855827,0.9953774122657995,-0.8210900417323762,,0.5797509043642025
UNH,2021-Q3,2021-10-14,standard,0.7088903933763504,0.2794031842301289,0.0117064299217114,0.6666666666666666,0.0,6,0.164818012388423,0.8129045069217682,0.0222774740541353,0.0,0.0,16,10.9,-0.12502126681524525,0.1551008968631268,-0.43258233409515623,-0.9474309456764626,,-1.414213562373095,-1.1851162185221216,1.207242616328947,-0.31864063340867455,-0.8210900417323762,,-0.8432740427115681
UNH,2021-Q4,2022-01-19,standard,0.6220622488430568,0.359607351145574,0.0183303801875029,0.7142857142857143,0.0,7,0.2523052220543225,0.7198448717594147,0.027849905192852,0.0666666666666666,0.0,15,10.7,-1.2818242011451648,1.2029588026767821,0.7192714511251918,-0.5845850515876041,,0.0,1.0509371882046374,-1.1583505519041581,1.262526566522525,0.2906513422061498,,-1.317615691736825
UNH,2022-Q1,2022-04-14,standard,0.8071379661560059,0.1648030520549842,0.0280589956258024,1.0,0.0,7,0.2433479931205511,0.7309173174202442,0.0257346833124756,0.1,0.0,20,12.2,1.183921600652323,-1.34213620596239,2.411002528188071,1.5924903129455446,,0.0,0.8220026691054672,-0.8768869316654365,0.6623362053369789,0.8465220341754147,,1.0540925533894594
UNH,2022-Q2,2022-07-15,standard,0.8612855672836304,0.1274045280047825,0.0113099069733704,1.0,0.0,7,0.2052440543969472,0.772061675786972,0.0226942773184014,0.0,0.0,18,11.9,1.9053248300780539,-1.8307434766180417,-0.5015346119122269,1.5924903129455446,,0.0,-0.1518818829107363,0.1690102813836028,-0.20037346529547842,-0.8210900417323762,,0.1054092553389456
UNH,2022-Q3,2022-10-14,standard,0.6538146063685417,0.3349899598397314,0.0111954496242105,0.75,0.0,8,0.1777316952745119,0.7966665387153625,0.0256017504259943,0.0,0.0,15,11.0,-0.8587906265501287,0.881335511862848,-0.5214378608174878,-0.3124506310209606,,1.414213562373095,-0.8550601483708383,0.794470455896074,0.6246167405891713,-0.8210900417323762,,-1.317615691736825
UNH,2022-Q4,2023-01-13,standard,0.7218933871814183,0.2686025255492755,0.0095040801513407,0.8571428571428571,0.0,7,0.2077276326715946,0.7753904685378075,0.0168819051701575,0.05,0.0,20,12.6,0.04821635641887292,0.013991575215804004,-0.8155539473455667,0.5039526306789698,,0.0,-0.08840501945714642,0.2536288098798949,-1.8496234902519795,0.01271599622151925,,1.0540925533894594
UPS,2020-Q4,2021-02-02,standard,0.7614866979420185,0.1853823707335525,0.0531309339114361,0.8888888888888888,0.0,9,0.2423519020279248,0.7259223643276427,0.031725741457194,0.1666666666666666,0.0,18,12.4,1.150509814209746,0.12937198739287328,-1.105052228983129,1.4736423491374535,-1.3337882790570676,-0.7770928126270501,0.15660965006819133,1.0412127423709499,-1.03428410906976,0.8726156379627796,-0.7230581472613226,1.2549900398011131
UPS,2021-Q1,2021-04-27,standard,0.7120054522529244,0.2600819356739521,0.0279126145178452,0.75,0.0,8,0.2274688591559727,0.7195688436428705,0.0529622983187437,0.0666666666666666,0.0666666666666666,15,12.0,0.41308284485130853,2.119466663905624,-1.4446722455592296,-0.3028032224255044,-1.3337882790570676,-1.6651988842008216,-0.21577120031029415,0.7875267377122928,-0.355026594724949,-0.4097875328208828,1.328277613417474,-1.2549900398011131
UPS,2021-Q2,2021-07-27,standard,0.6626663729548454,0.1452970458194613,0.1920365904457867,0.8,0.1,10,0.1916383906371063,0.7327298521995544,0.0756317606816689,0.0,0.0,18,13.5,-0.32222539589771637,-0.9385538001463929,0.7656172886176199,0.3367171833371613,0.043474194232629416,0.11101325894672144,-1.1122666583499825,1.3130249368486793,0.37006282332726437,-1.2647229800099902,-0.7230581472613226,1.2549900398011131
UPS,2021-Q3,2021-10-26,standard,0.7592084738943312,0.1514526226868232,0.0893389138703544,0.7777777777777778,0.1111111111111111,9,0.2656912891303791,0.6831171950873207,0.0511915282181957,0.1176470588235294,0.0,17,14.1,1.1165570745078868,-0.7745611348025455,-0.6174323141937175,0.05248589188708749,0.19650335793148446,-0.7770928126270501,0.7405722772876226,-0.6679297790882973,-0.4116651969624012,0.24398663267667126,-0.7230581472613226,0.4183300132670377
UPS,2021-Q4,2022-02-01,standard,0.73696565289389,0.151830545541915,0.1112038162960247,0.8181818181818182,0.0909090909090909,11,0.2837547673843801,0.6833648150786757,0.0328804156160913,0.25,0.0,16,15.4,0.7850687327753598,-0.7644927727893158,-0.3229734167412494,0.5692700581599487,-0.08173148515734327,0.999119330520493,1.1925291419483173,-0.6580427055432269,-0.9973515166460404,1.941284946949166,-0.7230581472613226,-0.4183300132670377
UPS,2022-Q1,2022-04-26,standard,0.5934894535690546,0.1807957390323281,0.2257148102857172,0.7,0.2,10,0.1931279879063367,0.6862381435930729,0.1206338664633221,0.0625,0.0625,16,13.4,-1.3531801607139993,0.007178085205971846,1.219168431410966,-0.9423236281881701,1.4207366675223265,0.11101325894672144,-1.074996222283253,-0.5433152548816966,1.8094684064834292,-0.4632209982702012,1.2000691283750513,-0.4183300132670377
UPS,2022-Q2,2022-07-26,standard,0.6087908240204508,0.2014976348727941,0.1897115463560277,0.6363636363636364,0.1818181818181818,11,0.1975219692377483,0.7062254219370729,0.096252597101471,0.0588235294117647,0.0588235294117647,17,13.8,-1.1251413738592284,0.5587038235245817,0.7343054672396736,-1.7562586900679253,1.170325308742381,0.999119330520493,-0.9650567079772223,0.25474507082757986,1.0296263383331334,-0.5103681736666594,1.0869439945140877,0.4183300132670377
UPS,2022-Q3,2022-10-25,standard,0.6396882852370088,0.1678725431927225,0.1924391783435236,0.8181818181818182,0.0909090909090909,11,0.2871859798828761,0.6615963811675708,0.0512176354105273,0.0666666666666666,0.0,15,13.6,-0.6646715358733573,-0.3371128522907955,0.7710390182090648,0.5692700581599487,-0.08173148515734327,0.999119330520493,1.2783797196166213,-1.5272217482462722,-0.41083015074067625,-0.4097875328208828,-0.7230581472613226,-1.2549900398011131
V,2020-Q2,2020-04-30,standard,0.5344920260210831,0.1726243712007999,0.2928836113462845,0.6666666666666666,0.2666666666666666,15,0.1599416758578557,0.7514963700221136,0.0885619544065915,0.0,0.0,13,14.0,-1.6974337814280662,0.5915718386135509,1.851621626030048,-1.1600838707443413,1.3770607453181927,0.7647191129018722,-1.5356006497428512,0.8053429705328673,1.6901001322698592,-1.3883302192382196,-0.5020465201816934,-0.11973686801784951
V,2021-Q1,2021-01-28,standard,0.5347551763057709,0.2044457762191693,0.2607990657600263,0.5333333333333333,0.3333333333333333,15,0.2334372636217337,0.7435639042120713,0.0229988360347656,0.0769230769230769,0.0,13,13.9,-1.6953507614150594,1.4521416547977606,1.5431091176432408,-2.0410376863582633,1.8934585248125153,0.7647191129018722,-0.17709158316913043,0.6608105467627289,-1.1601905239981336,-0.4863212421463546,-0.5020465201816934,-0.11973686801784951
V,2021-Q3,2021-07-27,standard,0.8551629575399252,0.1110881433750574,0.0337488900583523,0.9230769230769232,0.0,13,0.328035330829712,0.6255110805997481,0.0464535945166762,0.2307692307692307,0.0,13,13.6,0.8409027008446179,-1.0725979313290113,-0.6401170417258439,0.5340580823593569,-0.6885303726590962,-1.9882696935448687,1.571480486153793,-1.4901550089913411,-0.14051847961989378,1.3176967120373755,-0.5020465201816934,-0.11973686801784951
V,2021-Q4,2021-10-26,standard,0.8211201706102916,0.1504680072622639,0.0284118154751403,0.9285714285714286,0.0,14,0.263263817344393,0.6744238670383181,0.0623123299197426,0.2142857142857142,0.0714285714285714,14,14.8,0.5714300435867922,-0.007619115742160866,-0.6914362746159438,0.570361124211578,-0.6885303726590962,-0.6117752903214982,0.37422918165092683,-0.5989461785205014,0.5489240981909109,1.1244090740891184,1.5833774867268784,0.9578949441427999
V,2022-Q1,2022-01-27,standard,0.8500390563692365,0.1309183443497334,0.0190425913980496,1.0,0.0,14,0.2582712775717179,0.7028189798196157,0.0389097460235158,0.1666666666666666,0.0,12,13.0,0.80034341094729,-0.536315124274399,-0.7815270883969976,1.0423006682904647,-0.6885303726590962,-0.6117752903214982,0.2819459473403293,-0.08157685455671929,-0.46847970852929355,0.5660225644608211,-0.5020465201816934,-1.1973686801784988
V,2022-Q2,2022-04-26,standard,0.749854735036691,0.2106471971919139,0.0394980484619736,0.8666666666666667,0.0,15,0.275608325501283,0.6980305194854737,0.0263611578692992,0.1333333333333333,0.0,15,15.9,0.007313881935591946,1.6198512736381296,-0.5848353711331966,0.1613468526765427,-0.6885303726590962,0.7647191129018722,0.602407862354948,-0.16882435045447086,-1.0140169626067144,0.17515200772101325,-0.5020465201816934,2.035526756303449
V,2022-Q3,2022-07-26,standard,0.8144527545997075,0.1337036604859999,0.0518435696139931,0.9285714285714286,0.0,14,0.2628948396215072,0.6772991487613091,0.0598060102560199,0.0769230769230769,0.0,13,14.1,0.5186527456197004,-0.46098975777917034,-0.4661256425595992,0.570361124211578,-0.6885303726590962,-0.6117752903214982,0.36740891397017167,-0.5465574955564009,0.4399643705797942,-0.4863212421463546,-0.5020465201816934,-0.11973686801784951
V,2022-Q4,2022-10-25,standard,0.8166438738505045,0.1189492425570885,0.0644068971897165,0.9333333333333332,0.0666666666666666,15,0.2468274564792712,0.679115374883016,0.0740571754674116,0.1666666666666666,0.0833333333333333,12,14.4,0.5359969991351813,-0.860004405864591,-0.3453215721497119,0.6018237604835031,-0.17213259316477444,0.7647191129018722,0.07041577004202174,-0.5134651923847179,1.0595194505043732,0.5660225644608211,1.9309481545449738,-1.1973686801784988
V,2023-Q1,2023-01-26,standard,0.7638561258713404,0.1239029202610254,0.1122409683341781,0.8,0.1333333333333333,15,0.1588815677051361,0.8134066875164325,0.027711725865419,0.0,0.0,13,14.7,0.11814476077395286,-0.7260384320601055,0.11463224690800441,-0.27913005513041833,0.34426518632954817,0.7647191129018722,-1.555195928600205,1.9333715631685613,-0.9553023767909018,-1.3883302192382196,-0.5020465201816934,-0.11973686801784951
WMT,2022-Q1,2021-05-18,standard,0.8919555842876434,0.0914150044322013,0.0166293963789939,1.0,0.0,10,0.3048203654587268,0.667929558455944,0.0272500691004097,0.1,0.0,20,14.6,1.1736593404032392,-1.1605247705583994,-0.8668889333086143,0.9759894815802368,-0.8262165696422082,-1.1009637651263613,0.9999968809013149,-0.4967151525500467,-0.5101726081939963,-0.13062676270888104,-0.408248290463863,0.1903467469067195
WMT,2022-Q2,2021-08-17,standard,0.8164699050513181,0.1483406648039817,0.0351894219321283,0.9090909090909092,0.0,11,0.3272082303699694,0.6528752101095099,0.0199165584911641,0.2631578947368421,0.0,19,14.1,0.5948295040973657,-0.3979418075508389,-0.6246740744550774,0.4086524086954391,-0.8262165696422082,-0.27524094128159066,1.5044655993616924,-0.8117149328806911,-0.6914385966255131,1.973986919244278,-0.408248290463863,-0.38069349381344103
WMT,2022-Q4,2022-02-17,standard,0.8580555071433386,0.1248097564093768,0.0171347191402067,1.0,0.0,12,0.2376393401885733,0.7425903590286479,0.0197703134925926,0.0588235294117647,0.0,17,14.6,0.9137110124195682,-0.7131646741565769,-0.8602942936120127,0.9759894815802368,-0.8262165696422082,0.5504818825631799,-0.5138020390604369,1.0655003109497323,-0.6950534061801359,-0.6617721511334926,-0.408248290463863,-1.5227739752537621
WMT,2023-Q1,2022-05-17,standard,0.621682969480753,0.1661781238391995,0.2121388969011604,0.8,0.1,10,0.221446517658861,0.7316819068632627,0.0468715781738099,0.0526315789473684,0.0,19,15.4,-0.8988112920309677,-0.15898907033594445,1.6845787862767574,-0.27215207876631897,0.616579529583738,-1.1009637651263613,-0.8786770489019587,0.8372499771079772,-0.02517811834846496,-0.7416436381146374,-0.408248290463863,-0.38069349381344103
WMT,2023-Q2,2022-08-16,standard,0.6051792508612076,0.2731792006331185,0.1216415285598486,0.5833333333333334,0.1666666666666666,12,0.2447678692300211,0.6287108971313997,0.1265212341042405,0.0909090909090909,0.0454545454545454,22,17.1,-1.0253630412320611,1.2744101674347998,0.5035563121075031,-1.6243054358084212,1.5784435957343677,0.5504818825631799,-0.35317395217927605,-1.317333183819371,1.9435615998783748,-0.24789262768574352,2.041241452319315,1.3324272283470406
WMT,2023-Q3,2022-11-15,standard,0.640042958351282,0.2643557491783912,0.0956013022133937,0.7692307692307693,0.0769230769230769,13,0.2267661335922423,0.7262223362922668,0.0470115295833065,0.0952380952380952,0.0,21,18.3,-0.7580255236571449,1.1562101551669604,0.16372220299144374,-0.4641738572811737,0.2836265836085192,1.3762047064079503,-0.7588094401213357,0.7230129811923947,-0.02171887053026428,-0.19205173960152366,-0.408248290463863,0.7613869876268801
XOM,2020-Q4,2021-02-02,standard,0.620345170609653,0.2630816595628857,0.1165731708169914,0.6875,0.0625,16,0.171009028951327,0.8015025939260211,0.0274883796948762,0.0,0.0,21,17.8,-1.0629003299492559,-0.11225473222032924,1.602774672557697,-0.5303913865138244,1.6895499532724096,1.6417276043706812,-1.7745215283096247,2.402517370109493,-0.8111284761464796,-0.9040419908325648,-0.6015405305227443,-0.7197274920657457
XOM,2021-Q1,2021-04-30,standard,0.7315739144881567,0.1926788855344057,0.0757471933029592,0.9166666666666666,0.0,12,0.1913012950902893,0.73475519603207,0.0739435007174809,0.0,0.0952380952380952,21,16.0,1.0791242401301366,-1.205306414680287,0.5545325018960204,1.1525812822319625,-0.5036158514561987,0.797410550694331,-1.0418606571509852,-0.08696794938503748,1.6569623155664135,-0.9040419908325648,2.198066598757356,-0.7197274920657457
XOM,2021-Q2,2021-07-30,standard,0.7439043968915939,0.1729540114601453,0.0831416031966606,0.8666666666666667,0.0666666666666666,15,0.2333286255598068,0.7362607389688491,0.0304106357041746,0.15,0.0,20,18.3,1.3165826105846705,-1.5115487054238217,0.7443903509841802,0.7853872454147004,1.835761006920981,1.4306483409515935,0.47555392549864767,-0.030815542591062513,-0.6558734043952392,1.5796663592066973,-0.6015405305227443,-1.2180003711881855
XOM,2021-Q3,2021-10-29,standard,0.6125868931412697,0.3734987913630903,0.0139143348205834,0.5,0.0,4,0.2420154445701175,0.7324831452634599,0.0255014144091142,0.037037037037037,0.0,27,16.1,-1.2123079415008424,1.6020474860103502,-1.0330794486446422,-1.9073690245785595,-0.5036158514561987,-0.8912235566583695,0.7891952083453916,-0.17170888629148626,-0.916692956817106,-0.2907806698352167,-0.6015405305227443,2.2699097826688934
XOM,2021-Q4,2022-02-01,standard,0.6957561284303665,0.2900918390601873,0.0141520332545042,0.8,0.0,5,0.2521855848962846,0.7294569093248119,0.018357513350961,0.1304347826086956,0.0,23,14.8,0.3893512991946663,0.30709695598343173,-1.0269763364227638,0.29579519632501694,-0.5036158514561987,-0.6801442932392819,1.156392436104413,-0.28457875358669915,-1.296237687955712,1.255704400505923,-0.6015405305227443,0.2768182661791341
XOM,2022-Q1,2022-04-29,standard,0.6826171100139617,0.2869338616728782,0.0304490114562213,0.8,0.0,5,0.1985573057423938,0.7378963848406618,0.0635463049719956,0.0,0.0454545454545454,22,14.3,0.13632227725941287,0.2580671763475845,-0.6085373707048617,0.29579519632501694,-0.5036158514561987,-0.6801442932392819,-0.7798793166194873,0.030189328224109937,1.1045749250227062,-0.9040419908325648,0.7346355993609388,-0.22145461294330582
XOM,2022-Q2,2022-07-29,standard,0.6758470007528862,0.2348993277798096,0.0892536508229871,0.8333333333333334,0.0,6,0.2462056383652531,0.6995302717322889,0.0542640867035674,0.0869565217391304,0.0434782608695652,23,15.1,0.005944643981576694,-0.5498048940743872,0.9013224432728691,0.5405912208698587,-0.5036158514561987,-0.46906502982019443,0.9404839316079465,-1.4007559724617855,0.6114246128358253,0.5357889367264272,0.6765409850181711,0.2768182661791341
XOM,2022-Q3,2022-10-28,standard,0.6051474392414093,0.3410848870873451,0.0537676526233553,0.6,0.0,5,0.2281688532751539,0.7271064286646636,0.0447247211375962,0.0869565217391304,0.0,23,14.4,-1.3555757020257684,1.0987992391533896,-0.009811154645103272,-1.1729809509440343,-0.5036158514561987,-0.6801442932392819,0.28925815985246967,-0.3722448991118316,0.1046124510356174,0.5357889367264272,-0.6015405305227443,0.2768182661791341
XOM,2022-Q4,2023-01-31,standard,0.7120667695999146,0.2775839852790038,0.01034926623106,0.8333333333333334,0.0,6,0.2186445136639205,0.7347909428856589,0.0465645203790204,0.0,0.0,22,14.0,0.7034589023254122,0.11290388890406959,-1.1246156582933962,0.5405912208698587,-0.5036158514561987,-0.46906502982019443,-0.05462215932877005,-0.0856346949056752,0.20235822085397412,-0.9040419908325648,-0.6015405305227443,-0.22145461294330582
